province,id,time,year,month,CarbonDioxide,Industrial,GDP,Electricity,Dnvalue,I-population,O-population,H-temperature,L-temperature
Beijing,1,201901,2019,1,11.8827,1372.5,2560.61,0.972372,7.48,356.1,266.9,3.94,-7.85
Beijing,1,201902,2019,2,10.08319,3136.6,2484.82,0.97062,8.24,355.03,267.91,4.38,-5.77
Beijing,1,201903,2019,3,8.55183,4900.7,2493.86,0.968869,9,329.1,257.23,15.58,1.63
Beijing,1,201904,2019,4,6.1244,6628.6,2649.17,0.965473,8.63,303.18,246.55,20.63,7.35
Beijing,1,201905,2019,5,5.52303,8321.8,2721.91,0.962881,9.16,277.3,235.89,28.84,14.13
Beijing,1,201906,2019,6,5.40595,10250.8,2776.16,0.971248,8.75,251.46,225.25,30.82,19.87
Beijing,1,201907,2019,7,6.0617,11976.3,2712.14,0.971546,7.92,225.68,214.64,31.97,22.62
Beijing,1,201908,2019,8,6.05554,13830.2,2767.19,0.972173,7.96,199.98,204.06,29.94,20.96
Beijing,1,201909,2019,9,5.95522,15773.8,2842.13,0.972716,8.34,174.37,193.53,28.66,16.89
Beijing,1,201910,2019,10,6.48354,17512.9,3363.05,0.974389,9.17,148.86,183.05,18.74,7.98
Beijing,1,201911,2019,11,8.76161,19442.5,3336.54,0.974772,9.04,123.48,172.62,9.61,0.59
Beijing,1,201912,2019,12,11.04553,21800.6,3181.38,0.975186,10.05,98.23,162.26,3.3,-6.18
Beijing,1,202001,2020,1,10.4976,3358.51,2554.92,0.975549,9.87,249.26,367.66,3.96,-6.8
Beijing,1,202002,2020,2,9.36453,3151.3,2421.08,0.975553,7.64,298.04,391.94,6.31,-4.59
Beijing,1,202003,2020,3,7.82575,5208.9,2440.69,0.974776,9.75,344.55,414.11,15,1.09
Beijing,1,202004,2020,4,6.14173,6864.3,2815.52,0.974359,9.28,384.99,431.36,21.42,7.46
Beijing,1,202005,2020,5,5.17326,8589.6,2949.88,0.971594,0.51,415.59,440.87,26.88,14.2
Beijing,1,202006,2020,6,5.65692,10558.5,3048.62,0.972102,1.06,432.56,439.82,31.62,20.46
Beijing,1,202007,2020,7,5.60959,12386.3,3050.23,0.971687,3.73,432.12,425.41,30.09,21.46
Beijing,1,202008,2020,8,5.77025,14285.2,3133.76,0.971866,8.21,410.48,394.81,30.17,21.35
Beijing,1,202009,2020,9,7.52766,16334,3237.42,0.971649,8.54,363.85,345.21,26.11,15.91
Beijing,1,202010,2020,10,8.82011,18162.7,3514.43,0.970353,9.43,288.47,273.8,18.76,6.73
Beijing,1,202011,2020,11,11.51612,20251.3,3535.63,0.971355,9.62,203.12,198.76,10.7,0.27
Beijing,1,202012,2020,12,14.29702,22813.9,3454.6,0.972354,11.45,178.51,185.44,1.79,-7.47
Beijing,1,202101,2021,1,13.73788,3021.78,3013.7,0.972994,10.38,72.02,102.51,1.58,-9.08
Beijing,1,202102,2021,2,13.62992,2799.4,2935.3,0.973001,10.6,104.24,91.21,9.12,-3.49
Beijing,1,202103,2021,3,10.56239,4523.9,2962.95,0.973703,9.78,217.66,182.17,13.51,3.7
Beijing,1,202104,2021,4,10.75216,6234.2,3316.49,0.972189,10.36,267.24,269.88,19.62,8.3
Beijing,1,202105,2021,5,8.26148,8053.5,3417.84,0.969776,9.7,318.92,310.92,25.76,13.81
Beijing,1,202106,2021,6,7.75096,10151.5,3485.45,0.968961,9.09,271.52,276.96,29.9,19.21
Beijing,1,202107,2021,7,7.71218,12182.6,3429.03,0.969084,8.47,302,308.88,29.95,22.06
Beijing,1,202108,2021,8,8.25569,14299.9,3497.96,0.969628,7.86,159.31,149.27,29.3,20.37
Beijing,1,202109,2021,9,8.35194,16504.3,3601.93,0.968778,7.84,248.44,253.69,25.29,17.06
Beijing,1,202110,2021,10,8.00411,18433.7,3846.43,0.968301,8.2,300.86,283.73,17.86,6.54
Beijing,1,202111,2021,11,8.78085,20612.4,3864.26,0.968401,9.54,145.84,138.75,10.54,0.09
Beijing,1,202112,2021,12,10.79905,23277.9,3764.5,0.968627,11.03,194.48,192.41,6.23,-4.68
Beijing,1,202201,2022,1,12.83348,4116.6,3221.19,0.976605,11.43,145.59,221.73,2.88,-6.8
Beijing,1,202202,2022,2,11.82761,6418.6,3106.33,0.976695,12.14,198.2,113.26,4.66,-6.64
Beijing,1,202203,2022,3,10.17315,8663.8,3091.69,0.978629,11.12,115.22,99.4,13.26,1.98
Beijing,1,202204,2022,4,7.74881,11034.4,3279.68,0.979478,10.34,82.92,75.81,22.25,9.02
Beijing,1,202205,2022,5,6.81856,13687.3,3355.73,0.979803,6.45,33.64,41.97,27.43,13.5
Beijing,1,202206,2022,6,7.67552,15972.1,3423.37,0.981693,9.49,85.43,91.4,30.28,19.22
Beijing,1,202207,2022,7,7.95834,18316.5,3452.62,0.982984,2.31,263.41,277.83,31.85,22.13
Beijing,1,202208,2022,8,8.23609,20602.9,3525.26,0.984573,8.63,302.34,277.56,29.93,20.82
Beijing,1,202209,2022,9,7.58527,22774.6,3611.35,0.983427,9.1,182.81,179.32,28.51,15.88
Beijing,1,202210,2022,10,8.53721,25121.2,3856.79,0.979755,9.18,116.58,111.65,18.05,6.7
Beijing,1,202211,2022,11,10.06867,28171.1,3860.01,0.978233,9.28,65.65,67.51,11.65,0.54
Beijing,1,202212,2022,12,13.3998,27903.96,3766.93,0.977106,11.32,100.62,137.33,1.96,-8.61
Beijing,1,202301,2023,1,12.82083,4128.2,3374.98,0.974088,12.17,303.17,318.79,3.36,-8.55
Beijing,1,202302,2023,2,11.68638,6355.4,3277.68,0.974054,10.04,363.47,273.65,6.35,-4.45
Beijing,1,202303,2023,3,10.20661,8155.8,3275.32,0.97,10.42,340.96,331.47,16.17,2.17
Beijing,1,202304,2023,4,8.36417,10050.6,3502.02,0.969309,9.83,385.94,426.16,19.34,8.04
Beijing,1,202305,2023,5,7.70298,12428.7,3578.55,0.968886,9.55,428.31,374.36,26.42,15.08
Beijing,1,202306,2023,6,8.09816,14708.3,3639.38,0.970082,9.27,377.17,376.46,34.06,20.04
Beijing,1,202307,2023,7,8.32571,17072.3,3632.89,0.970778,8.99,438.1,447.99,32.87,22.71
Beijing,1,202308,2023,8,8.17273,19525,3698.88,0.972661,8.71,453.89,438,30.78,21.8
Beijing,1,202309,2023,9,7.48852,21654.3,3785.76,0.973374,8.88,338.02,386.11,27.06,16.83
Beijing,1,202310,2023,10,7.91365,23985.9,4054.28,0.973573,10.1,398.47,328.89,22.07,8.9
Beijing,1,202311,2023,11,10.84539,26839.1,4059.73,0.974545,10.57,277.48,270.89,9.26,-1.34
Beijing,1,202312,2023,12,13.52067,26584.81,3962.96,0.975599,19.18,247.61,260.7,1.56,-8.06
Beijing,1,202401,2024,1,13.6472,3952.6,3597.98,0.9778,11.72,83.6,97.84,2.44,-7.45
Beijing,1,202402,2024,2,11.93314,6343.4,3493.57,0.977825,12.34,355.94,314.85,5.51,-4.79
Beijing,1,202403,2024,3,10.56127,8310.5,3489.45,0.974026,10.86,309.61,282.45,14.52,1.87
Beijing,1,202404,2024,4,7.97196,10368.8,3700.1,0.972921,9.58,350.93,343.09,21.81,10.41
Beijing,1,202405,2024,5,7.51836,12888.8,3779.71,0.972004,3.2,392.67,374.87,27.27,15.06
Beijing,1,202406,2024,6,7.8313,15122.6,3843.8,0.972287,3.18,358.39,353.91,32.7,20.4
Beijing,1,202407,2024,7,8.44871,17510.7,3881.96,0.974609,9.56,415.38,410.98,31.68,23.3
Beijing,1,202408,2024,8,8.06991,20043.2,3914.92,0.975477,15.94,436.87,429.18,30.97,22.54
Beijing,1,202409,2024,9,7.43012,22254.3,3932.4,0.974552,12.32,322.55,319.89,25.14,16.55
Beijing,1,202410,2024,10,8.19185,24746.4,3949.88,0.972815,18.7,397.9,368.1,18.78,7.84
Beijing,1,202411,2024,11,10.21419,27925.2,3967.35,0.972259,15.08,304.75,294.69,12.64,2.36
Beijing,1,202412,2024,12,13.18383,31104,3984.83,0.971785,11.46,291.46,276.62,5.27,-5.23
Tianjin,2,201901,2019,1,17.05659,2471.5,1796.53,0.996161,5.22,125.61,97.03,4.45,-5.64
Tianjin,2,201902,2019,2,13.82476,3917.2,1743.35,0.992431,5.87,125.28,97.4,4.73,-4.4
Tianjin,2,201903,2019,3,15.62352,5377.7,1749.69,0.988701,6.52,109.02,88.16,15.68,3.34
Tianjin,2,201904,2019,4,14.70342,6852.4,1806.08,0.985346,6.52,92.76,78.94,19.93,8.52
Tianjin,2,201905,2019,5,14.87494,8423.1,1855.67,0.980617,6.87,76.52,69.72,29.27,16.58
Tianjin,2,201906,2019,6,14.69095,9938,1892.65,0.98135,6.75,60.32,60.53,30.46,20.99
Tianjin,2,201907,2019,7,15.78866,11490.3,1788.86,0.982482,5.66,44.15,51.35,32.46,23.69
Tianjin,2,201908,2019,8,14.43461,13118.5,1825.17,0.983029,6.09,28.03,42.21,30.27,22.31
Tianjin,2,201909,2019,9,14.2877,14651.8,1874.6,0.983487,6.23,11.97,33.1,28.61,18.62
Tianjin,2,201910,2019,10,14.71832,16281.6,1341.01,0.983193,6.88,4.03,24.03,19.63,9.51
Tianjin,2,201911,2019,11,15.25963,18090,1330.44,0.983534,6.63,19.94,15.01,11.01,2.23
Tianjin,2,201912,2019,12,18.24912,17916.78,1268.57,0.984292,6.49,35.77,6.04,4.06,-3.67
Tianjin,2,202001,2020,1,15.05544,2500.6,984.12,0.983983,7.16,92.83,134,4.13,-4.49
Tianjin,2,202002,2020,2,13.91273,4172.1,932.57,0.98398,5.75,124.46,153.57,6.9,-2.75
Tianjin,2,202003,2020,3,13.62606,5646.1,940.12,0.978977,6.98,154.6,171.88,15.21,3.44
Tianjin,2,202004,2020,4,15.03312,7231.9,1096.16,0.974978,6.89,180.82,187.11,20.8,8.95
Tianjin,2,202005,2020,5,14.2405,8831.1,1148.47,0.97387,5.88,200.67,197.44,25.82,15.13
Tianjin,2,202006,2020,6,14.1115,10373.1,1186.91,0.974768,3.63,211.7,201.03,31.06,21.48
Tianjin,2,202007,2020,7,14.7578,11937.5,1195.42,0.976687,1.37,211.46,196.05,30.78,23.02
Tianjin,2,202008,2020,8,15.96791,13608.2,1228.15,0.978206,5.79,197.51,180.67,29.96,22.79
Tianjin,2,202009,2020,9,17.01069,15199.2,1268.78,0.978771,6.11,167.41,153.06,26.23,17.24
Tianjin,2,202010,2020,10,17.67549,16950.6,1370.99,0.978851,7.27,118.7,111.39,19.29,8.97
Tianjin,2,202011,2020,11,18.8227,18906,1379.26,0.979272,6.98,66.49,69.11,11.25,2.77
Tianjin,2,202012,2020,12,21.80821,18719.31,1347.65,0.979942,7.87,65.23,73.45,2.51,-5.57
Tianjin,2,202101,2021,1,19.9581,2103.6,1150.61,0.972674,7.49,48.43,57.19,2.17,-7
Tianjin,2,202102,2021,2,18.82889,3377.2,1120.68,0.972593,7.67,54.91,47.85,9.2,-1.82
Tianjin,2,202103,2021,3,14.92303,4864.3,1131.24,0.970426,7.13,101.58,86.23,13.79,4.59
Tianjin,2,202104,2021,4,17.37324,6434.1,1260.71,0.967806,7.63,109.7,110.86,19.04,9.92
Tianjin,2,202105,2021,5,15.76501,8159.9,1299.24,0.963946,4.67,133.2,129.86,25.92,15.17
Tianjin,2,202106,2021,6,15.95877,9837.1,1324.94,0.964413,5.25,117.61,117.91,29.76,20.34
Tianjin,2,202107,2021,7,15.47869,11521.4,1315.87,0.96678,5.83,123.99,126.89,30.52,23.25
Tianjin,2,202108,2021,8,16.60477,13402.5,1342.32,0.968853,6.41,86.82,80.06,29.54,21.88
Tianjin,2,202109,2021,9,16.51535,15083.2,1382.22,0.969907,6.28,107.1,104.22,25.78,18.5
Tianjin,2,202110,2021,10,15.58489,16908.5,1499.15,0.970257,5.99,131.07,122.58,18.01,8.23
Tianjin,2,202111,2021,11,16.43674,18978.4,1506.09,0.970173,7.66,89.06,86.35,10.86,1.66
Tianjin,2,202112,2021,12,17.10427,3076.2,1467.21,0.970072,8.12,96.03,100.07,6.17,-3.63
Tianjin,2,202201,2022,1,18.63386,4959.6,1210.85,0.968227,8.34,44.52,71.15,3.2,-5.74
Tianjin,2,202202,2022,2,15.17275,6824.2,1167.68,0.968206,8.6,75.15,54.96,4.47,-4.97
Tianjin,2,202203,2022,3,16.33544,8734.9,1162.17,0.964267,7.66,49.85,44.7,13.62,2.62
Tianjin,2,202204,2022,4,14.91398,10724.6,1291.49,0.957403,7.42,49.96,50.26,22.2,10.69
Tianjin,2,202205,2022,5,14.77774,12679.2,1321.44,0.954284,6.83,55.94,55.68,27.27,15.21
Tianjin,2,202206,2022,6,15.53499,14604.5,1348.07,0.954609,7.2,70.54,75.14,30.57,20.46
Tianjin,2,202207,2022,7,15.85011,16598.8,1372.46,0.958138,0.24,113.13,116.06,31.73,23.38
Tianjin,2,202208,2022,8,16.16862,18491.6,1401.34,0.959384,5.89,131.68,122.64,30.04,22.31
Tianjin,2,202209,2022,9,16.11858,20561.6,1435.56,0.9597,6.96,66.42,67.88,28.61,17.8
Tianjin,2,202210,2022,10,15.77952,22842,1511.81,0.958483,6.84,65.16,63.33,18.84,9.36
Tianjin,2,202211,2022,11,17.0614,13104.6,1513.08,0.959486,6.69,43.99,48.34,11.86,3.24
Tianjin,2,202212,2022,12,19.81215,3367.2,1476.59,0.960124,7.83,62.14,71.9,2.37,-6.68
Tianjin,2,202301,2023,1,18.60955,5470.7,1260.36,0.958322,8.52,129.44,137.75,3.91,-6.45
Tianjin,2,202302,2023,2,16.24076,7326,1224.02,0.958302,7.15,147.61,115.69,6.87,-2.39
Tianjin,2,202303,2023,3,17.91321,9282.4,1223.14,0.954023,7.35,145.24,139.92,15.53,4.14
Tianjin,2,202304,2023,4,16.12727,11589.9,1331.96,0.948209,7.21,164.11,171.93,18.88,9.41
Tianjin,2,202305,2023,5,15.40351,13628.6,1361.07,0.944819,7.14,177.95,163.29,26.15,16.45
Tianjin,2,202306,2023,6,16.41099,15683.3,1384.21,0.946295,7.07,151.18,153.44,33.34,21.67
Tianjin,2,202307,2023,7,16.72218,17830.3,1403.2,0.947957,7,170.7,173.4,32.63,24.06
Tianjin,2,202308,2023,8,16.81267,19827.9,1428.69,0.95066,6.93,191.43,179.01,30.94,23.33
Tianjin,2,202309,2023,9,15.55804,21870.4,1462.25,0.952099,6.92,150.99,160.03,27.86,18.93
Tianjin,2,202310,2023,10,14.68206,24105.5,1550.62,0.948529,7.43,172.53,151.85,22.87,11.25
Tianjin,2,202311,2023,11,15.94919,13718.4,1552.7,0.944033,7.6,117.64,117.07,10.39,1.34
Tianjin,2,202312,2023,12,18.79935,3331.3,1515.69,0.944066,10.97,108.14,110.4,2.47,-5.95
Tianjin,2,202401,2024,1,20.43852,5454,1322.76,0.944296,7.63,33.33,40.83,3.21,-5.12
Tianjin,2,202402,2024,2,17.66772,7401.3,1284.38,0.944299,8.36,157.26,137.28,5.95,-2.79
Tianjin,2,202403,2024,3,18.25292,9337.5,1282.86,0.929959,7.73,139.64,129.75,14.94,4.14
Tianjin,2,202404,2024,4,15.51955,11426.7,1390.83,0.919589,6.95,156,155.88,21.85,11.56
Tianjin,2,202405,2024,5,14.79833,13400.4,1420.75,0.910914,6.79,178.69,173.52,27.25,16.72
Tianjin,2,202406,2024,6,15.47799,15436.5,1444.84,0.909647,6.63,156.03,155.71,32.85,22.09
Tianjin,2,202407,2024,7,15.79034,17621.1,1470.32,0.910998,6.47,170.86,174.78,32.51,23.94
Tianjin,2,202408,2024,8,15.92892,19589.4,1482.81,0.914645,6.31,194.55,182.52,31.45,23.87
Tianjin,2,202409,2024,9,15.53703,21742,1489.43,0.915004,6.15,142.48,142.44,26.32,18.11
Tianjin,2,202410,2024,10,15.29018,24199.2,1496.05,0.914546,5.99,177.95,172.77,20.03,10.13
Tianjin,2,202411,2024,11,16.10222,14790.25,1502.67,0.915097,5.83,133,131.97,13.99,4.64
Tianjin,2,202412,2024,12,19.48411,5381.3,1509.29,0.916687,5.67,129.7,129.45,6.03,-3.51
Hebei,3,201901,2019,1,83.85052,8442.4,2821.46,0.905466,1.87,505.33,559.13,3.46,-8
Hebei,3,201902,2019,2,65.44125,11735.4,2737.95,0.890147,1.92,505.6,558.52,4.48,-5.83
Hebei,3,201903,2019,3,80.66181,14958,2747.9,0.874828,1.97,463.7,508.73,15.59,1.82
Hebei,3,201904,2019,4,85.01722,18491.4,3082.35,0.870795,1.84,421.83,458.97,19.98,7.23
Hebei,3,201905,2019,5,87.27222,21845,3166.98,0.872411,2.15,380.01,409.26,28.13,14.08
Hebei,3,201906,2019,6,86.96545,25275.7,3230.11,0.878406,2.05,338.27,359.65,31.03,20.33
Hebei,3,201907,2019,7,80.99603,28993.6,3144.23,0.885532,1.71,296.64,310.16,32.28,22.62
Hebei,3,201908,2019,8,84.88743,32592.7,3208.05,0.889322,1.82,255.13,260.82,29.27,20.75
Hebei,3,201909,2019,9,78.9793,36016,3294.93,0.890889,1.93,213.77,211.66,27.8,16.35
Hebei,3,201910,2019,10,77.42392,39052,3337.68,0.888998,2.17,172.6,162.71,19.77,8.86
Hebei,3,201911,2019,11,85.7322,22320.3,3311.37,0.888343,2.12,131.63,114,11.03,1.22
Hebei,3,201912,2019,12,91.03855,5588.6,3157.39,0.883728,2.12,90.9,65.56,3.79,-5.52
Hebei,3,202001,2020,1,73.52229,9282.2,2537.09,0.872333,2.19,532.08,497.96,3.22,-6.66
Hebei,3,202002,2020,2,68.18673,12464.7,2404.18,0.872205,1.77,616.78,595.92,7.49,-3.84
Hebei,3,202003,2020,3,76.24172,15836,2423.66,0.850976,2.17,696.95,689.12,15.31,1.99
Hebei,3,202004,2020,4,81.3015,19497.4,2847.09,0.845028,2.12,765.48,769.83,20.42,6.58
Hebei,3,202005,2020,5,85.7995,22931.7,2982.96,0.841225,0.89,815.3,830.31,26.67,13.97
Hebei,3,202006,2020,6,89.851,26423.9,3082.8,0.848259,0.92,839.31,862.82,31,19.52
Hebei,3,202007,2020,7,85.89788,30146.7,3055.55,0.857435,0.95,830.42,859.62,29.49,21.48
Hebei,3,202008,2020,8,88.64095,33450.9,3139.22,0.865898,1.89,781.54,812.98,29.3,21.22
Hebei,3,202009,2020,9,85.48083,37140.5,3243.06,0.86687,2.06,685.57,715.15,25.95,15.15
Hebei,3,202010,2020,10,86.65609,41190.2,3524.59,0.863986,2.45,535.43,558.41,19.07,6.96
Hebei,3,202011,2020,11,89.97081,23029,3545.85,0.863608,2.24,374.98,388.98,10.81,0.79
Hebei,3,202012,2020,12,97.73846,4867.8,3464.58,0.860661,2.58,362.37,374.51,2.06,-7.73
Hebei,3,202101,2021,1,87.97482,8121.1,2957.79,0.825903,2.3,191.94,198.26,2.58,-8.83
Hebei,3,202102,2021,2,79.66491,11431,2880.85,0.825512,2.6,231.21,246.67,9.91,-2.8
Hebei,3,202103,2021,3,62.28548,14895.9,2907.99,0.828549,2.27,409.36,439.22,13.5,3.22
Hebei,3,202104,2021,4,81.00143,18679.3,3232.2,0.824868,2.41,514.89,526.55,19.08,8.14
Hebei,3,202105,2021,5,78.09905,22361.9,3330.97,0.817359,2.03,597.37,621.9,25.81,13.61
Hebei,3,202106,2021,6,78.04511,26265.3,3396.87,0.814141,2.08,564.85,579.88,30.61,19.28
Hebei,3,202107,2021,7,73.77977,30214,3349.25,0.819984,2.12,582.77,594.31,30.43,22.3
Hebei,3,202108,2021,8,73.10503,34133.1,3416.58,0.827588,2.17,379.96,401.28,28.94,20.01
Hebei,3,202109,2021,9,74.62518,38276.2,3518.13,0.828871,2.02,521.54,537.52,25.56,16.82
Hebei,3,202110,2021,10,71.97639,42973.2,3858.06,0.826731,1.95,560.85,594.87,17.6,6.7
Hebei,3,202111,2021,11,67.36912,7177.9,3875.94,0.821575,2.35,377.61,406.33,11.46,-0.03
Hebei,3,202112,2021,12,71.75616,11468.6,3775.87,0.816943,2.59,471.13,500.37,6.24,-5.29
Hebei,3,202201,2022,1,86.95479,15875.1,3271.27,0.817708,2.63,441.15,416.18,2.95,-6.95
Hebei,3,202202,2022,2,57.80791,20503.7,3154.63,0.817716,2.93,402.77,456.95,4.67,-6.71
Hebei,3,202203,2022,3,77.9262,25112.3,3139.76,0.794555,2.57,278.99,297.76,14.15,1.83
Hebei,3,202204,2022,4,78.87101,29535.3,3359.59,0.780929,2.51,203.08,217.25,21.84,8.83
Hebei,3,202205,2022,5,82.18912,34141.5,3437.49,0.773771,1.93,278.82,293.88,26.63,13.82
Hebei,3,202206,2022,6,83.86544,39009.1,3506.77,0.776756,2.59,406.14,414.73,31.75,20.25
Hebei,3,202207,2022,7,80.7042,43691.8,3529.34,0.787014,1.56,683.13,697.22,31.34,22.12
Hebei,3,202208,2022,8,82.62215,48353.7,3603.6,0.796119,1.96,623.04,656.03,28.74,20.39
Hebei,3,202209,2022,9,78.90739,53589.7,3691.6,0.796066,2.33,460.96,479.86,27.59,15
Hebei,3,202210,2022,10,71.52603,30653.1,3927.13,0.789326,2.29,401.07,420.54,18.15,6.72
Hebei,3,202211,2022,11,71.86418,7716.5,3930.41,0.786005,2.19,214.72,230.91,11.53,1.33
Hebei,3,202212,2022,12,83.23138,12025.2,3835.64,0.78235,2.62,318.16,319.68,2.41,-8.87
Hebei,3,202301,2023,1,84.21167,15967.3,3406.53,0.771356,3.12,621.33,652.91,3.72,-8.33
Hebei,3,202302,2023,2,68.62313,20466.8,3308.32,0.771233,2.51,577.95,632.34,6.59,-4.22
Hebei,3,202303,2023,3,83.51005,24807.6,3305.94,0.756172,2.61,639.13,671.58,16.25,3.33
Hebei,3,202304,2023,4,79.13274,28912.3,3528.86,0.742928,2.46,754.71,758.3,18.7,8.19
Hebei,3,202305,2023,5,78.39705,33121.2,3605.97,0.739512,0.58,747.77,816.39,25.35,14.69
Hebei,3,202306,2023,6,81.14679,37466.7,3667.27,0.74527,0.47,717.87,736.76,32.7,19.45
Hebei,3,202307,2023,7,82.5411,41642,3639.08,0.755168,0.36,810.41,835.12,32.81,22.55
Hebei,3,202308,2023,8,79.80698,45643.8,3705.18,0.765662,2.43,868.02,915.16,30.42,21.51
Hebei,3,202309,2023,9,75.66788,50551.6,3792.21,0.769694,2.42,741.23,736.38,27.14,17.04
Hebei,3,202310,2023,10,71.3549,29124.95,4071.24,0.767614,2.75,701.77,794.42,22.5,9.33
Hebei,3,202311,2023,11,74.53251,7698.3,4076.71,0.762195,2.72,565.36,589.23,10.43,-0.62
Hebei,3,202312,2023,12,73.98235,12181.2,3979.53,0.762961,4.17,511.89,520.39,2.46,-7.87
Hebei,3,202401,2024,1,85.67367,16622.2,3554.8,0.786527,2.79,172.62,173.64,2.91,-7.18
Hebei,3,202402,2024,2,73.45944,20818,3451.64,0.786792,3.36,654.37,705.93,5.46,-4.44
Hebei,3,202403,2024,3,83.84769,24993,3447.57,0.759206,2.77,620.15,652.34,14.89,2.69
Hebei,3,202404,2024,4,76.3649,29156.4,3652.38,0.747849,2.58,713.63,746.27,21.86,10.27
Hebei,3,202405,2024,5,78.67265,33553.7,3730.97,0.736688,1.98,808.41,855.04,27.01,14.81
Hebei,3,202406,2024,6,80.40618,38097.6,3794.24,0.73822,1.38,741.96,762.5,32.72,20.22
Hebei,3,202407,2024,7,73.84212,42528.3,3817.23,0.74881,0.78,805.31,840.39,31.36,22.5
Hebei,3,202408,2024,8,73.58003,47395.8,3849.64,0.755894,0.18,896.02,940.93,30.99,22.11
Hebei,3,202409,2024,9,70.51524,52471.6,3866.82,0.75621,0.42,682.16,707.78,25.65,16.43
Hebei,3,202410,2024,10,70.86044,27597.4,3884.01,0.750586,1.02,788.3,833.41,19.4,8.2
Hebei,3,202411,2024,11,71.57228,2723.2,3901.19,0.747029,1.62,645.3,653.31,13.19,3.07
Hebei,3,202412,2024,12,77.4474,4343.7,3918.38,0.744577,2.22,601.37,637.01,5.62,-5.05
Shanxi,4,201901,2019,1,41.39865,6014.2,1221.01,0.932324,2.64,314.33,324.19,1.93,-10.22
Shanxi,4,201902,2019,2,32.78223,7585.5,1184.87,0.917424,2.25,314.13,323.7,4.43,-7.22
Shanxi,4,201903,2019,3,34.76273,9342.8,1189.17,0.902524,1.86,284.7,293.19,13.6,-1.28
Shanxi,4,201904,2019,4,35.42663,10999.5,1455.44,0.901737,1.65,255.29,262.71,20.19,5.58
Shanxi,4,201905,2019,5,36.34896,12717.8,1495.4,0.900124,1.95,225.92,232.26,24.86,10.29
Shanxi,4,201906,2019,6,37.70229,14548.8,1525.2,0.903526,1.94,196.6,201.87,29.61,17.19
Shanxi,4,201907,2019,7,39.81506,16297.2,1487.75,0.907065,1.76,167.35,171.55,30.28,19.25
Shanxi,4,201908,2019,8,38.32968,18103.2,1517.95,0.910489,1.73,138.19,141.33,27.83,17.57
Shanxi,4,201909,2019,9,34.41758,20227.4,1559.06,0.909477,1.76,109.14,111.21,24.93,12.9
Shanxi,4,201910,2019,10,35.17503,11581.1,1618.87,0.908054,2.07,80.21,81.22,17.58,6.79
Shanxi,4,201911,2019,11,39.95279,2934.8,1606.11,0.906351,1.9,51.43,51.38,10.5,-0.59
Shanxi,4,201912,2019,12,44.76202,4850,1531.42,0.905034,1.97,22.8,21.71,4.5,-7.19
Shanxi,4,202001,2020,1,34.65919,6456.2,1244.46,0.91547,2.03,294.16,274.48,3.13,-8.33
Shanxi,4,202002,2020,2,34.19455,8254.6,1179.27,0.915587,1.95,352.52,334.13,8,-5.9
Shanxi,4,202003,2020,3,35.34191,10072.9,1188.82,0.895768,1.95,407.93,390.96,14.94,-0.69
Shanxi,4,202004,2020,4,36.2266,11760.6,1358.92,0.889162,2.03,455.68,440.33,18.85,3.33
Shanxi,4,202005,2020,5,35.94315,13485.6,1423.77,0.885283,1.08,491.05,477.59,26.13,11.38
Shanxi,4,202006,2020,6,37.69687,15523.2,1471.42,0.88842,0,509.33,498.1,28.8,16.15
Shanxi,4,202007,2020,7,39.79163,17076.7,1480.14,0.894088,1.21,505.8,497.23,27.45,18.32
Shanxi,4,202008,2020,8,39.49723,18880.2,1520.67,0.897399,1.8,475.73,470.32,27.19,17.93
Shanxi,4,202009,2020,9,40.55969,21031.3,1570.97,0.898502,1.9,414.43,412.74,22.98,11.72
Shanxi,4,202010,2020,10,42.2424,11765.95,1718.34,0.897647,2.16,317.17,319.85,15.31,4.3
Shanxi,4,202011,2020,11,46.71446,2500.6,1728.71,0.899289,2.08,211.99,218.25,8.78,-1.13
Shanxi,4,202012,2020,12,50.54407,4252.5,1689.09,0.8967,2.24,200.71,205.11,0.19,-9.87
Shanxi,4,202101,2021,1,45.78306,5959.5,1508.92,0.839239,2.17,168.41,165.57,3.13,-10.21
Shanxi,4,202102,2021,2,50.55994,7625.7,1469.66,0.838594,2.58,192.31,195.7,10.01,-4.52
Shanxi,4,202103,2021,3,34.77369,9429.4,1483.51,0.851045,2.02,248.87,253.19,13.18,1.46
Shanxi,4,202104,2021,4,43.25912,11192.1,1656.98,0.8497,2.15,284.57,285.93,16.5,5.46
Shanxi,4,202105,2021,5,39.86768,13177.1,1707.62,0.841653,1.9,341.83,341.76,24.65,10.22
Shanxi,4,202106,2021,6,38.35929,15115.5,1741.4,0.848,0,308.89,309.61,28.83,16.21
Shanxi,4,202107,2021,7,41.72031,17100.7,1796.15,0.855537,0.43,321.73,318.43,29.44,18.77
Shanxi,4,202108,2021,8,41.28783,19226.7,1832.26,0.862708,2.01,249.37,252.24,27.66,16.64
Shanxi,4,202109,2021,9,42.9339,21703.5,1886.72,0.865555,2.05,296.17,297.8,23.76,13.27
Shanxi,4,202110,2021,10,39.72337,3804.8,2157.75,0.866457,1.59,358.18,359.65,15.02,4.73
Shanxi,4,202111,2021,11,41.48356,6185.4,2167.75,0.861653,2.48,271.69,273.58,9.5,-2.88
Shanxi,4,202112,2021,12,41.1946,8474.9,2111.78,0.858424,2.38,284.03,285.08,4.35,-7.87
Shanxi,4,202201,2022,1,45.98293,10978.4,1886.55,0.869396,2.46,280.01,262.78,2.54,-8.78
Shanxi,4,202202,2022,2,38.53151,13786.7,1819.28,0.869519,2.9,289.43,303.28,3.8,-8.74
Shanxi,4,202203,2022,3,42.44801,16382.1,1810.7,0.854538,2.39,186.43,183.73,14.21,0.82
Shanxi,4,202204,2022,4,40.56123,19371.2,1960.62,0.845075,2.43,90.69,91.69,20.67,6.11
Shanxi,4,202205,2022,5,42.01287,22695.4,2006.08,0.841789,2.18,256.44,251.42,24.36,9.71
Shanxi,4,202206,2022,6,44.1465,26238.7,2046.52,0.845606,2.46,343.06,334.38,31.08,16.54
Shanxi,4,202207,2022,7,45.57943,29601.4,2079.69,0.854885,1.25,426.31,413.29,29.09,18.21
Shanxi,4,202208,2022,8,46.63802,33353.5,2123.45,0.859566,1.85,392.83,395.01,26.77,17.78
Shanxi,4,202209,2022,9,44.89241,19434.75,2175.3,0.862596,2.26,339.33,339.05,24.32,10.76
Shanxi,4,202210,2022,10,42.5316,5516,2376.76,0.86234,2.16,160.84,162.11,16.18,4.02
Shanxi,4,202211,2022,11,42.19645,8957.1,2378.75,0.861769,2.09,111.26,113.63,10.47,-0.32
Shanxi,4,202212,2022,12,48.47545,12354.3,2321.39,0.857679,2.43,187.48,185.09,1.92,-10.49
Shanxi,4,202301,2023,1,46.2238,15854.1,1975.86,0.841877,3.28,376.25,369.8,2.65,-9.9
Shanxi,4,202302,2023,2,42.65257,19491.4,1918.9,0.8417,2.39,346.6,353.77,5.82,-5.19
Shanxi,4,202303,2023,3,47.74976,22600.8,1917.51,0.835797,2.39,372.13,370.73,15.55,1.25
Shanxi,4,202304,2023,4,41.55331,25782.2,1985.12,0.824658,2.44,432.3,426.87,17.25,5.61
Shanxi,4,202305,2023,5,40.73634,29010.4,2028.5,0.8236,2.01,447.2,446.67,23.08,11.7
Shanxi,4,202306,2023,6,44.98807,32040.6,2062.98,0.830957,0,412.95,408.86,28.95,15.29
Shanxi,4,202307,2023,7,47.66317,34789.4,2066.96,0.839237,1.13,456.65,448.2,30.81,18.99
Shanxi,4,202308,2023,8,47.25076,38512.7,2104.5,0.847518,2.37,496.3,498.42,29.58,18.37
Shanxi,4,202309,2023,9,41.94541,21993.8,2153.93,0.851477,2.29,419.84,410.77,24.81,13.76
Shanxi,4,202310,2023,10,40.87695,5474.9,2380.82,0.852768,2.61,415.09,418,20.15,6.21
Shanxi,4,202311,2023,11,43.38721,8816.1,2384.02,0.847363,2.54,312.63,318.87,10.51,-2.59
Shanxi,4,202312,2023,12,50.68067,11681,2327.19,0.846439,3.71,278.36,284.8,2.39,-8.58
Shanxi,4,202401,2024,1,50.06196,14441.4,1836.23,0.848791,2.58,99.68,99.26,2.78,-8.95
Shanxi,4,202402,2024,2,42.50337,17245.7,1782.94,0.848818,3.49,387.2,385.6,4.13,-5.99
Shanxi,4,202403,2024,3,44.08224,20044.1,1780.84,0.836189,2.52,342.94,341.83,13.84,1.02
Shanxi,4,202404,2024,4,39.25829,22931.5,1899.55,0.829171,2.5,407.09,403.72,21.87,8.68
Shanxi,4,202405,2024,5,40.14084,25844.2,1940.42,0.827386,2.3,464.33,459.79,26.96,12.8
Shanxi,4,202406,2024,6,43.96884,28844.7,1973.32,0.831137,2.1,406.78,403.81,30,16.82
Shanxi,4,202407,2024,7,44.69474,31909,2034.02,0.841199,1.9,454.28,446.24,30.58,19.92
Shanxi,4,202408,2024,8,43.46631,35515.4,2051.29,0.845241,1.7,504.33,501.69,29.28,18.82
Shanxi,4,202409,2024,9,40.23947,18793.95,2060.45,0.843984,1.5,388.64,384.73,24.68,15.39
Shanxi,4,202410,2024,10,42.31023,2072.5,2069.61,0.839148,1.3,457.97,454.8,18.03,6.81
Shanxi,4,202411,2024,11,44.49215,3203.3,2078.76,0.838653,1.1,342.41,347.39,11.02,1.2
Shanxi,4,202412,2024,12,48.78073,4522.6,2087.92,0.836966,0.9,328.53,336.08,3.46,-7.75
Inner Mongolia,5,201901,2019,1,46.56746,5586.7,1236.67,0.852505,2.82,211.8,221.93,-5.11,-17.12
Inner Mongolia,5,201902,2019,2,36.75913,6769.5,1200.06,0.849342,2.15,211.64,221.69,-2.65,-15.27
Inner Mongolia,5,201903,2019,3,41.805,7841.4,1204.43,0.846179,1.48,193.16,201.85,7.55,-6.19
Inner Mongolia,5,201904,2019,4,40.57536,9087.2,1439.6,0.842978,1.39,174.69,182.01,16.33,1.48
Inner Mongolia,5,201905,2019,5,40.34807,10378.4,1479.12,0.836238,1.56,156.24,162.2,21.88,7.37
Inner Mongolia,5,201906,2019,6,43.1905,11715.7,1508.61,0.841948,1.48,137.82,142.43,26.54,14.64
Inner Mongolia,5,201907,2019,7,47.19109,13111.3,1555.52,0.851389,1.36,119.45,122.7,28.01,17.36
Inner Mongolia,5,201908,2019,8,47.1159,14558.3,1587.1,0.858205,1.35,101.13,103.03,24.87,15.15
Inner Mongolia,5,201909,2019,9,43.99258,8420.35,1630.08,0.860021,1.43,82.88,83.44,23.3,10.42
Inner Mongolia,5,201910,2019,10,43.73531,2282.4,1636.54,0.859846,1.6,64.71,63.93,13.38,1.59
Inner Mongolia,5,201911,2019,11,46.02221,3743,1623.64,0.857278,1.7,46.63,44.51,2.62,-7.61
Inner Mongolia,5,201912,2019,12,48.92866,5026.9,1548.14,0.855236,2.14,28.65,25.21,-5.5,-16.29
Inner Mongolia,5,202001,2020,1,40.13654,6423.9,1215.76,0.859223,2.24,195.95,197.81,-5.44,-17.52
Inner Mongolia,5,202002,2020,2,42.39258,7807.4,1152.07,0.859268,1.72,232.5,236.84,-0.88,-13.93
Inner Mongolia,5,202003,2020,3,38.94844,9206.2,1161.4,0.838054,1.44,267.1,273.87,6.99,-6.47
Inner Mongolia,5,202004,2020,4,41.39406,10614.4,1338.49,0.837001,1.36,296.71,305.68,14.81,0.22
Inner Mongolia,5,202005,2020,5,42.04255,12103.6,1402.37,0.833109,0.92,318.28,329.07,22.08,8.51
Inner Mongolia,5,202006,2020,6,43.55373,13515.1,1449.31,0.83675,0.47,328.75,340.85,26.99,14.07
Inner Mongolia,5,202007,2020,7,49.45786,15025.8,1458.83,0.846822,0.03,325.07,337.82,28.06,17.65
Inner Mongolia,5,202008,2020,8,49.13365,16631.8,1498.78,0.853353,1.3,304.2,316.76,25.77,15.57
Inner Mongolia,5,202009,2020,9,46.41688,9432.15,1548.36,0.854983,1.52,263.07,274.5,19.6,9.46
Inner Mongolia,5,202010,2020,10,49.67625,2232.5,1689.91,0.852195,1.73,198.65,207.81,11.03,0.02
Inner Mongolia,5,202011,2020,11,50.76689,3657.6,1700.1,0.850395,1.98,129.9,135.76,2.34,-7.62
Inner Mongolia,5,202012,2020,12,55.45451,4947.2,1661.13,0.848805,1.92,125.13,127.42,-8.47,-18.44
Inner Mongolia,5,202101,2021,1,46.95494,6299.9,1427.3,0.800686,2,113.89,113.49,-7.36,-19.17
Inner Mongolia,5,202102,2021,2,58.67971,7731.3,1390.17,0.800145,2.37,130.55,132.79,0.32,-11.7
Inner Mongolia,5,202103,2021,3,37.37056,9137.3,1403.27,0.808101,1.43,147.79,152.16,8.49,-3.61
Inner Mongolia,5,202104,2021,4,41.28896,10609.2,1570.21,0.807982,1.51,168.07,173.46,13.53,2.34
Inner Mongolia,5,202105,2021,5,41.964,12101.9,1618.2,0.805379,0.28,204.83,210.16,20.9,8.12
Inner Mongolia,5,202106,2021,6,40.5387,13670.2,1650.21,0.809777,0.63,199.11,201.06,26.04,14.23
Inner Mongolia,5,202107,2021,7,42.25552,15330.8,1670.15,0.815893,0.98,238.81,238.88,28.64,18.21
Inner Mongolia,5,202108,2021,8,46.86435,17180.8,1703.72,0.82313,1.33,170.8,173.43,25.03,14.44
Inner Mongolia,5,202109,2021,9,46.27973,3230.7,1754.36,0.82732,1.46,193.27,198.63,21.82,10.19
Inner Mongolia,5,202110,2021,10,41.76044,4967.5,1959.46,0.827298,1.42,205.44,214.03,12.35,0.11
Inner Mongolia,5,202111,2021,11,43.53171,6768.9,1968.54,0.821738,1.96,129.57,135.01,2.71,-8.29
Inner Mongolia,5,202112,2021,12,43.57594,8665.5,1917.72,0.817004,1.86,164.06,167.11,-3.83,-15.03
Inner Mongolia,5,202201,2022,1,48.10891,10592,1737.79,0.826195,2.02,188.75,191.46,-5.49,-17.27
Inner Mongolia,5,202202,2022,2,45.22673,12554,1675.82,0.826299,2.53,167.53,171.95,-5.47,-17.95
Inner Mongolia,5,202203,2022,3,50.42951,14644.8,1667.92,0.811269,1.66,90.29,89.44,7.52,-5.67
Inner Mongolia,5,202204,2022,4,46.60255,16890,1773.57,0.798514,1.69,120.87,118.34,16.18,2.12
Inner Mongolia,5,202205,2022,5,49.22998,19365,1814.7,0.795467,0.47,165.34,163,22.27,8.26
Inner Mongolia,5,202206,2022,6,52.56161,21820.2,1851.27,0.804627,1.84,163.2,163.66,27.51,15
Inner Mongolia,5,202207,2022,7,55.6325,24447.7,1870.06,0.812853,1.03,271.32,271.25,29.33,17.95
Inner Mongolia,5,202208,2022,8,56.549,14379.2,1909.41,0.819485,1.43,248.7,256.53,24.8,13.74
Inner Mongolia,5,202209,2022,9,51.98113,4310.7,1956.04,0.818391,1.68,203.82,208.08,22.65,8.16
Inner Mongolia,5,202210,2022,10,53.97753,6819,2146.53,0.81684,1.67,85.71,89.64,12.4,-1.07
Inner Mongolia,5,202211,2022,11,53.06047,9204.9,2148.32,0.814877,1.88,70.65,78.51,3.03,-8.5
Inner Mongolia,5,202212,2022,12,58.07009,11689.4,2096.52,0.810708,2.17,122.61,125.14,-8.17,-19.09
Inner Mongolia,5,202301,2023,1,53.04742,14153.4,1813.02,0.790054,2.98,235.04,248.67,-7.27,-19.09
Inner Mongolia,5,202302,2023,2,53.28223,16370.8,1760.75,0.789822,1.98,223.29,228.32,-1.07,-13.77
Inner Mongolia,5,202303,2023,3,55.28947,18665.6,1759.48,0.787123,1.82,225.78,232.47,8.88,-4.74
Inner Mongolia,5,202304,2023,4,50.99743,21027.9,1863.18,0.779077,1.6,245.94,257.74,13.07,1.31
Inner Mongolia,5,202305,2023,5,52.74052,23392.8,1903.9,0.776329,0.01,268.37,272.52,21.55,9.19
Inner Mongolia,5,202306,2023,6,56.58799,25857.2,1936.26,0.781733,0.57,256.65,259.98,27.41,14.67
Inner Mongolia,5,202307,2023,7,62.48011,28655.5,1933.31,0.790003,1.13,343.95,348.25,28.08,17.49
Inner Mongolia,5,202308,2023,8,64.49183,16602.5,1968.43,0.799198,1.69,360.29,371.75,27.34,16.1
Inner Mongolia,5,202309,2023,9,59.93661,4549.5,2014.67,0.802644,1.82,269.25,278.61,23.29,10.89
Inner Mongolia,5,202310,2023,10,60.80283,7155.8,2281.59,0.802369,2.01,261.82,273.88,16.5,2.61
Inner Mongolia,5,202311,2023,11,60.0365,9500.2,2284.66,0.79666,2.34,192.9,203.78,1.11,-9.68
Inner Mongolia,5,202312,2023,12,68.81807,11789.8,2230.2,0.796591,3.07,183.25,191.85,-6.57,-16.41
Inner Mongolia,5,202401,2024,1,67.5731,14006.8,1905.59,0.793685,2.45,64.43,68.73,-6.38,-17.46
Inner Mongolia,5,202402,2024,2,56.51154,16223.1,1850.29,0.793652,3.5,239.33,247.36,-3.1,-14.16
Inner Mongolia,5,202403,2024,3,59.95396,18601.2,1848.11,0.778046,2.02,210.74,213.36,6.81,-5.7
Inner Mongolia,5,202404,2024,4,53.89515,21032.9,1983.77,0.760922,1.97,237.14,243.08,17.32,4.2
Inner Mongolia,5,202405,2024,5,55.52799,23530,2026.45,0.753337,0.48,280.67,287.95,23.57,10.16
Inner Mongolia,5,202406,2024,6,59.55775,26082.1,2060.81,0.753035,1.01,268.04,269.84,26.93,14.99
Inner Mongolia,5,202407,2024,7,68.08388,28805.1,2073.81,0.766304,2.5,344.12,346.68,29.04,18.25
Inner Mongolia,5,202408,2024,8,66.14186,16399,2091.42,0.772422,3.99,361.96,369.78,26.59,16.63
Inner Mongolia,5,202409,2024,9,57.78773,3992.9,2100.76,0.771346,5.48,250.47,257.55,20.47,10.35
Inner Mongolia,5,202410,2024,10,58.68976,6235.6,2110.09,0.765428,6.97,283.67,297.18,13.84,2.41
Inner Mongolia,5,202411,2024,11,61.58249,8495.1,2119.43,0.760425,8.46,214.01,224.84,5.34,-4.82
Inner Mongolia,5,202412,2024,12,67.15041,10719.3,2128.77,0.755162,9.95,209.74,218.35,-4.54,-14.84
Liaoning,6,201901,2019,1,45.03852,13086.4,1895.93,0.794219,2.99,338.02,338.11,0.06,-12.11
Liaoning,6,201902,2019,2,36.25418,15397.5,1839.81,0.773802,2.56,337.78,337.91,1.47,-10.13
Liaoning,6,201903,2019,3,39.12728,17819.8,1846.5,0.753385,2.13,308.13,308.42,10.75,-1.98
Liaoning,6,201904,2019,4,35.08973,20288.6,2097.28,0.736582,2.21,278.5,278.95,17.05,4.12
Liaoning,6,201905,2019,5,34.20184,22810.2,2154.87,0.724532,2.18,248.9,249.52,25.17,11.57
Liaoning,6,201906,2019,6,35.20605,25426.8,2197.82,0.723554,1.95,219.36,220.14,26.16,16.82
Liaoning,6,201907,2019,7,38.84938,28135.8,2245.22,0.731134,1.93,189.89,190.83,29.75,21.46
Liaoning,6,201908,2019,8,37.05569,16262.5,2290.8,0.73654,1.89,160.5,161.61,27.46,20.06
Liaoning,6,201909,2019,9,36.77781,4389.2,2352.84,0.740645,2.01,131.23,132.5,25.37,14.23
Liaoning,6,201910,2019,10,37.98692,6987.7,2368.35,0.737445,2.29,102.08,103.51,17.08,6.01
Liaoning,6,201911,2019,11,42.13628,9222.4,2349.68,0.73586,2.43,73.08,74.67,6.69,-3.09
Liaoning,6,201912,2019,12,47.0672,11479.2,2240.42,0.738277,2.91,44.24,45.98,-0.46,-10.48
Liaoning,6,202001,2020,1,40.84316,13955,1740.01,0.755466,2.76,314.75,318.53,-1.07,-12.12
Liaoning,6,202002,2020,2,37.45499,16378.1,1648.86,0.755659,2.31,373.43,377,2.1,-8.49
Liaoning,6,202003,2020,3,37.49857,18966.7,1662.21,0.732418,2.27,428.97,432.31,9.44,-1.75
Liaoning,6,202004,2020,4,35.6845,21672.1,1934.14,0.714263,2.18,476.43,479.55,16.57,3.29
Liaoning,6,202005,2020,5,36.80498,24264.9,2026.44,0.711041,0.01,510.89,513.8,21.73,11.24
Liaoning,6,202006,2020,6,36.59726,27186.6,2094.27,0.716373,0.04,527.42,530.12,27.94,17.76
Liaoning,6,202007,2020,7,38.92529,30519.3,2096.84,0.726909,0.06,521.08,523.6,28.99,20.27
Liaoning,6,202008,2020,8,38.79868,17321.15,2154.25,0.729498,1.9,486.96,489.31,28.32,20.72
Liaoning,6,202009,2020,9,38.53448,4123,2225.52,0.725654,2.08,420.12,422.33,22.6,13.9
Liaoning,6,202010,2020,10,41.05291,6375.9,2444.84,0.723651,2.39,315.64,317.73,16.04,4.91
Liaoning,6,202011,2020,11,46.43125,8684.9,2459.58,0.728936,2.41,200.61,203.1,7.38,-2.35
Liaoning,6,202012,2020,12,52.84311,11039,2403.21,0.730389,2.49,174.56,179.38,-2.23,-11.67
Liaoning,6,202101,2021,1,45.79595,13612,1975.67,0.7286,2.83,97.28,98.98,-3.73,-14.21
Liaoning,6,202102,2021,2,49.24458,16078.7,1924.27,0.72858,2.98,185.74,186.6,2.59,-8.32
Liaoning,6,202103,2021,3,32.97112,18561.3,1942.4,0.715022,2.24,225.59,227.17,10.22,-0.46
Liaoning,6,202104,2021,4,40.045,21222.4,2180.38,0.694392,2.34,273.88,275.92,16.61,5.55
Liaoning,6,202105,2021,5,37.00003,23839.4,2247.01,0.69212,0.25,298.61,301.78,22.03,11.44
Liaoning,6,202106,2021,6,37.45801,26703.7,2291.47,0.696083,0.9,276.69,277.35,25.58,16.74
Liaoning,6,202107,2021,7,36.45555,29910.3,2273.04,0.701848,1.56,317.1,315.57,29.03,21.92
Liaoning,6,202108,2021,8,36.62262,5134.3,2318.73,0.705846,2.21,197.55,200.61,27.15,18.96
Liaoning,6,202109,2021,9,37.03061,8229.1,2387.65,0.70363,2.1,284.81,279.83,23.98,14.92
Liaoning,6,202110,2021,10,33.95921,11299,2634.75,0.698574,2.19,332.48,334.1,16.25,5.17
Liaoning,6,202111,2021,11,34.63286,14444,2646.96,0.696107,2.75,192.21,193.1,6.53,-2.91
Liaoning,6,202112,2021,12,37.7111,17375.7,2578.63,0.694225,2.48,246.57,250.72,0.82,-9.07
Liaoning,6,202201,2022,1,44.33968,20324.7,2126.61,0.701085,2.67,272.51,270.63,-2.24,-13.25
Liaoning,6,202202,2022,2,38.03972,23315.6,2050.79,0.701162,3,273.2,270.93,-0.29,-11.65
Liaoning,6,202203,2022,3,41.63866,26475.3,2041.12,0.685254,2.38,128.06,128.45,9.15,-1.78
Liaoning,6,202204,2022,4,35.49914,29386.4,2232.45,0.668851,2.23,70.83,71.09,18.46,6.38
Liaoning,6,202205,2022,5,35.40888,32320.4,2284.22,0.654955,0.84,151.02,151.66,23.92,11.72
Liaoning,6,202206,2022,6,37.59722,35729.7,2330.26,0.655856,2.24,256.32,260.09,26.04,17.85
Liaoning,6,202207,2022,7,37.98981,20617.7,2399.39,0.661514,1.25,370.26,361.9,29.18,21.56
Liaoning,6,202208,2022,8,37.25756,5505.7,2449.87,0.664645,1.85,386.8,387.82,27.29,18.63
Liaoning,6,202209,2022,9,36.89979,8558.5,2509.7,0.665472,2.19,216.12,211.58,24.39,13.71
Liaoning,6,202210,2022,10,39.4902,11302.5,2685.6,0.657347,2.23,213.23,213.02,15.2,4.72
Liaoning,6,202211,2022,11,42.64512,14426.5,2687.84,0.654491,2.44,144.62,144.13,8.11,-1.45
Liaoning,6,202212,2022,12,47.61623,17657.3,2623.03,0.65264,3.06,170.64,174.78,-2.74,-12.76
Liaoning,6,202301,2023,1,45.85644,20525.5,2259.83,0.63852,3.3,367.69,368.09,-1.6,-12.39
Liaoning,6,202302,2023,2,37.9687,23448.4,2194.67,0.638361,2.65,330.54,330.92,2.7,-7.88
Liaoning,6,202303,2023,3,42.44225,26581.3,2193.09,0.620764,2.41,339.61,341.44,10.72,-0.8
Liaoning,6,202304,2023,4,35.87277,29625,2377.25,0.597075,2.31,414.15,406.86,15.55,5.06
Liaoning,6,202305,2023,5,34.37223,32805.6,2429.2,0.579835,0,441.62,447.24,23.83,13.13
Liaoning,6,202306,2023,6,37.31952,36026.6,2470.5,0.590617,0,411.82,410.02,28.23,17.96
Liaoning,6,202307,2023,7,37.02314,20740.05,2484.15,0.60287,0,506.79,494.54,29.71,21.69
Liaoning,6,202308,2023,8,36.30711,5453.5,2529.28,0.608507,2.18,539.39,533.7,28.73,20.47
Liaoning,6,202309,2023,9,35.19361,8747.1,2588.68,0.610246,2.17,421.84,418.04,26.46,15.65
Liaoning,6,202310,2023,10,37.39142,11668.8,2798.75,0.610074,2.46,426.45,429.9,19.86,8.33
Liaoning,6,202311,2023,11,42.80783,14509.9,2802.51,0.609579,2.62,282.98,285.54,6.39,-2.68
Liaoning,6,202312,2023,12,48.12187,17498,2735.7,0.611215,3.36,275.69,276.67,-0.66,-9.97
Liaoning,6,202401,2024,1,45.6462,20389.4,2367.03,0.611353,3,87.84,87.04,-0.59,-11.28
Liaoning,6,202402,2024,2,39.75076,22817.6,2298.34,0.611355,3.44,406.38,401.9,1.4,-8.26
Liaoning,6,202403,2024,3,40.79166,25786,2295.63,0.586159,2.45,318.2,319.5,9.64,-0.62
Liaoning,6,202404,2024,4,33.53917,28638,2470.07,0.567816,2.48,394.56,394.59,18.97,8.51
Liaoning,6,202405,2024,5,33.37893,31716.4,2523.22,0.551073,0.35,460.85,459.25,23.65,12.98
Liaoning,6,202406,2024,6,34.31641,35232.2,2566,0.54781,1.78,419.51,417.95,28.5,18.27
Liaoning,6,202407,2024,7,35.95465,18736.1,2616.05,0.560976,3.91,455.67,447.17,29.03,21.87
Liaoning,6,202408,2024,8,36.54514,2240,2638.26,0.572987,6.04,517.18,511.05,29.88,21.92
Liaoning,6,202409,2024,9,33.58506,3513.8,2650.04,0.571655,8.17,388.84,388.53,24.49,14.48
Liaoning,6,202410,2024,10,35.8493,4658.8,2661.82,0.569532,10.3,467.14,465.86,17.67,7.06
Liaoning,6,202411,2024,11,39.76719,5803.9,2673.59,0.571644,2.43,324.09,327.01,10.3,1.01
Liaoning,6,202412,2024,12,45.87699,6830.1,2685.37,0.572401,4.56,312.81,314.1,1.92,-8.33
Jilin,7,201901,2019,1,16.58607,7938.1,933.67,0.850949,3,182.13,192.41,-4.73,-17.11
Jilin,7,201902,2019,2,13.65741,9103.1,906.04,0.849791,2.44,182.13,192.22,-1.62,-13.88
Jilin,7,201903,2019,3,13.43161,10348,909.33,0.848634,1.88,172.55,181.2,8.13,-5.27
Jilin,7,201904,2019,4,11.70792,11290.2,1099.56,0.835569,1.76,162.97,170.19,15.23,0.48
Jilin,7,201905,2019,5,10.85317,12611.8,1129.75,0.816988,1.7,153.41,159.19,23.43,9.18
Jilin,7,201906,2019,6,11.17679,13860.7,1152.27,0.813659,1.74,143.86,148.21,24.8,14.55
Jilin,7,201907,2019,7,12.12765,7907.3,1177.84,0.822908,1.57,134.33,137.26,28.18,19.49
Jilin,7,201908,2019,8,11.98348,1953.9,1201.75,0.828947,1.53,124.84,126.35,25.4,17.85
Jilin,7,201909,2019,9,11.26429,3201.9,1234.29,0.828032,1.82,115.38,115.47,23.7,10.68
Jilin,7,201910,2019,10,12.08357,4230.3,1114.97,0.82274,1.99,105.96,104.64,15.22,2.77
Jilin,7,201911,2019,11,14.12929,5296.2,1106.18,0.823071,2.24,96.58,93.86,1.96,-8.04
Jilin,7,201912,2019,12,17.18448,6430.8,1054.74,0.825189,3.28,87.26,83.14,-5.93,-17.48
Jilin,7,202001,2020,1,15.32888,6776.7,836.04,0.862515,3.62,182.45,173.12,-5.42,-18.99
Jilin,7,202002,2020,2,14.20115,7853.8,792.24,0.862934,2.45,201.6,194.57,-2.41,-15
Jilin,7,202003,2020,3,13.1294,9005.7,798.66,0.835958,1.94,219.42,214.68,6.43,-5.78
Jilin,7,202004,2020,4,11.75971,10060.6,945.47,0.808539,2,233.98,231.43,13.15,0.02
Jilin,7,202005,2020,5,11.23405,11249.3,990.59,0.788217,0,243.38,242.82,20.86,8.77
Jilin,7,202006,2020,6,11.93126,12616.9,1023.75,0.788598,0,245.69,246.86,26.01,15.25
Jilin,7,202007,2020,7,12.45634,7043.45,1041.63,0.802097,0,239,241.53,28.53,18.68
Jilin,7,202008,2020,8,12.47657,1470,1070.16,0.812745,1.59,221.39,224.82,26.85,18.46
Jilin,7,202009,2020,9,13.61796,2368.2,1105.56,0.795774,1.71,190.94,194.75,19.68,11.13
Jilin,7,202010,2020,10,15.50821,3410.3,1198.46,0.794072,2.18,145.74,149.3,12.17,1.25
Jilin,7,202011,2020,11,17.56836,4515.8,1205.69,0.790455,2.81,99.42,101.79,3.18,-6.53
Jilin,7,202012,2020,12,20.48083,5579.8,1178.05,0.793797,2.79,100,99.66,-6.81,-16.94
Jilin,7,202101,2021,1,18.93334,6749.2,936.79,0.829539,3.39,64.47,62.28,-8.71,-20.13
Jilin,7,202102,2021,2,20.02987,7883.7,912.42,0.82994,3.57,74.55,77.38,-2.5,-14.45
Jilin,7,202103,2021,3,14.21105,9148.9,921.02,0.798561,2.22,116.27,118.49,7.59,-4.02
Jilin,7,202104,2021,4,15.37324,10369.6,1049.29,0.779845,2.29,134.59,135.65,14.87,2.02
Jilin,7,202105,2021,5,14.20971,11743.9,1081.35,0.766325,2.15,163.13,164.08,20.94,9.51
Jilin,7,202106,2021,6,14.09644,13226.8,1102.74,0.758319,2.01,159.07,159.06,24.54,14.79
Jilin,7,202107,2021,7,13.37835,2208.6,1099.09,0.747691,1.87,177.05,179.58,29.64,20.78
Jilin,7,202108,2021,8,13.75238,3584.4,1121.19,0.7488,1.73,126.07,125.86,25.76,17.06
Jilin,7,202109,2021,9,13.01708,4830,1154.51,0.748101,2.1,152.79,152.31,22.08,11.53
Jilin,7,202110,2021,10,12.66199,6067.9,1264.22,0.747931,2.11,150.97,154.71,14.16,1.31
Jilin,7,202111,2021,11,13.51036,7258.9,1270.08,0.753319,2.99,113.17,114.29,2.89,-6.46
Jilin,7,202112,2021,12,15.52663,8287.8,1237.29,0.760004,2.69,136.25,137.08,-5.18,-16.06
Jilin,7,202201,2022,1,17.77727,9317.5,881.57,0.820271,3.04,168.04,158.07,-7.65,-20.25
Jilin,7,202202,2022,2,16.28248,10356.6,850.13,0.820948,3.02,175.34,184.02,-4.38,-16.64
Jilin,7,202203,2022,3,14.87706,11511.1,846.12,0.785944,2.22,42.34,42.68,6.02,-5.25
Jilin,7,202204,2022,4,12.65003,12760.3,965.52,0.744661,2.14,21.58,21.09,16.8,3.37
Jilin,7,202205,2022,5,13.13792,14265.2,987.91,0.718734,2.15,78.13,82.41,21.81,9.41
Jilin,7,202206,2022,6,13.2031,8200.05,1007.82,0.711706,2.16,140.72,139.51,25.39,16.01
Jilin,7,202207,2022,7,13.45522,2134.9,1088.3,0.702886,0.61,201.06,200.66,28.66,20.22
Jilin,7,202208,2022,8,13.61763,3003.7,1111.2,0.69843,1.74,206.81,209.28,24.91,14.96
Jilin,7,202209,2022,9,13.0961,3717.9,1138.34,0.687141,2.03,136.59,137.18,22.23,10.14
Jilin,7,202210,2022,10,13.99096,4919.3,1211.41,0.68032,2.2,134.16,135.77,12.59,0.6
Jilin,7,202211,2022,11,15.67356,6272.8,1212.43,0.682342,2.63,94.81,96.95,3.89,-6.58
Jilin,7,202212,2022,12,18.31513,7437,1183.19,0.683453,4.09,93.01,91.2,-7.84,-18.23
Jilin,7,202301,2023,1,17.35608,8623.9,961.47,0.703418,3.76,209.91,206.84,-7.07,-18.88
Jilin,7,202302,2023,2,15.43092,9878.5,933.75,0.703642,2.48,175.15,183.04,-1.16,-13.67
Jilin,7,202303,2023,3,15.40458,11050,933.08,0.669181,2.43,181.26,182,8.44,-3.9
Jilin,7,202304,2023,4,13.65017,12197.4,1043.93,0.632664,2.07,202.1,205.69,13.67,1.89
Jilin,7,202305,2023,5,13.16608,13451.3,1066.75,0.619016,2.06,227.36,227.55,22.37,9.76
Jilin,7,202306,2023,6,13.51447,7674.8,1084.88,0.626259,2.05,218.69,221.01,26.42,15.99
Jilin,7,202307,2023,7,13.9699,1898.3,1137.86,0.634458,2.04,262.51,269.04,27.89,19.74
Jilin,7,202308,2023,8,14.52109,3106.1,1158.53,0.647191,2.03,268.83,269.39,26.53,18.44
Jilin,7,202309,2023,9,13.70848,4133.3,1185.74,0.647902,2.07,226.63,228.5,24.21,12.37
Jilin,7,202310,2023,10,14.03664,5224,1253.59,0.64276,2.34,217.25,222.48,16.86,3.22
Jilin,7,202311,2023,11,16.77143,6524.2,1255.28,0.649541,3.83,130.43,131.69,0.94,-7.87
Jilin,7,202312,2023,12,19.07047,7631.3,1225.36,0.649025,3.5,142.26,141.35,-5.83,-15.57
Jilin,7,202401,2024,1,19.08357,8784.9,998.36,0.709503,3.55,50.71,46.01,-5.75,-17.36
Jilin,7,202402,2024,2,16.58138,10069.1,969.39,0.710183,4.13,202.13,205.43,-1.66,-14.04
Jilin,7,202403,2024,3,16.32064,11293.4,968.25,0.679187,2.43,148.67,150.97,5.62,-5.71
Jilin,7,202404,2024,4,12.766,12630.8,1075.68,0.643448,2.48,176.46,177.26,17.25,4.57
Jilin,7,202405,2024,5,12.43195,14060.9,1098.82,0.61821,2.53,214.88,201.67,21.08,9.96
Jilin,7,202406,2024,6,12.08876,7681.65,1117.46,0.599295,2.58,202.73,202.88,25.96,15.97
Jilin,7,202407,2024,7,13.86243,1302.4,1173.57,0.605942,2.63,231.06,236.21,27.97,19.98
Jilin,7,202408,2024,8,13.74524,2054.7,1183.53,0.608766,2.68,243.89,243.18,28.36,19.58
Jilin,7,202409,2024,9,12.23176,2803,1188.82,0.601153,2.73,188.93,191.66,22.67,10.75
Jilin,7,202410,2024,10,13.67085,3546.3,1194.1,0.598564,2.78,212.06,216.96,14.83,2.87
Jilin,7,202411,2024,11,15.8408,4364.9,1199.38,0.600914,2.83,150,152.11,5.22,-4.21
Jilin,7,202412,2024,12,19.36637,5093.2,1204.67,0.608523,2.88,158.12,156.49,-3.89,-14.89
Heilongjiang,8,201901,2019,1,18.52562,5806.2,1100.52,0.855617,2,219.8,237.32,-8.79,-19.24
Heilongjiang,8,201902,2019,2,15.35029,6643.4,1067.95,0.857623,1.53,219.73,236.86,-4.49,-16.53
Heilongjiang,8,201903,2019,3,14.58256,7494,1071.83,0.859629,1.06,211.49,225.76,5.16,-7.38
Heilongjiang,8,201904,2019,4,12.80806,8416,1125.14,0.859272,0.89,203.26,214.68,13.76,-0.52
Heilongjiang,8,201905,2019,5,12.32342,9483,1156.03,0.854679,0.89,195.04,203.6,20.12,7.45
Heilongjiang,8,201906,2019,6,12.23833,5418.45,1179.08,0.859393,0.9,186.83,192.55,23.29,12.97
Heilongjiang,8,201907,2019,7,12.6365,1353.9,1206.8,0.866732,0.84,178.64,181.52,26.66,18.26
Heilongjiang,8,201908,2019,8,11.82563,2201.4,1231.3,0.868073,0.79,170.48,170.53,23.56,16.39
Heilongjiang,8,201909,2019,9,11.59696,2930.3,1264.64,0.864362,0.89,162.35,159.57,21.27,9.03
Heilongjiang,8,201910,2019,10,13.28029,3703.6,1294.27,0.862507,1.01,154.25,148.66,12.04,0.99
Heilongjiang,8,201911,2019,11,16.18491,4536,1284.07,0.860306,1.11,146.19,137.8,-1.96,-10.58
Heilongjiang,8,201912,2019,12,18.97006,5268.7,1224.36,0.862278,1.67,138.18,127,-11.16,-21.13
Heilongjiang,8,202001,2020,1,16.32012,6031.3,824.81,0.863674,1.84,212.35,191.41,-9.52,-21.79
Heilongjiang,8,202002,2020,2,15.20461,6890.3,781.6,0.86369,1.45,228.54,212.2,-6.01,-18.98
Heilongjiang,8,202003,2020,3,14.66178,7732.3,787.93,0.866495,0.95,243.38,231.62,3.86,-8.35
Heilongjiang,8,202004,2020,4,13.4729,8725.5,912.24,0.863876,0.92,255,247.65,12.46,-0.45
Heilongjiang,8,202005,2020,5,12.24758,9927.3,955.77,0.860335,0.78,261.56,258.26,20.51,7.48
Heilongjiang,8,202006,2020,6,11.91867,5592,987.76,0.860743,0.65,261.21,261.44,22.74,13.41
Heilongjiang,8,202007,2020,7,12.74911,1256.7,1020.67,0.868558,0.51,252.09,255.17,28.14,18.44
Heilongjiang,8,202008,2020,8,12.56865,2025.3,1048.62,0.870052,0.37,232.35,237.42,24.55,16.21
Heilongjiang,8,202009,2020,9,13.65436,2780.6,1083.31,0.864101,0.8,200.14,206.19,18.85,10.54
Heilongjiang,8,202010,2020,10,17.2208,3485.2,1333.49,0.858006,1.05,153.61,159.44,10.3,0.78
Heilongjiang,8,202011,2020,11,18.95252,4295,1341.54,0.851931,1.38,106.36,110.61,-0.18,-8.91
Heilongjiang,8,202012,2020,12,22.05715,4988.7,1310.79,0.850577,1.35,106.32,107.66,-10.33,-20.06
Heilongjiang,8,202101,2021,1,20.22591,5755.1,910.09,0.853965,1.66,63.2,58.77,-13.35,-24.98
Heilongjiang,8,202102,2021,2,21.882,6632.4,886.42,0.854003,1.9,53.26,57.7,-7.83,-19.75
Heilongjiang,8,202103,2021,3,15.40946,7239.8,894.77,0.847116,1.04,125.68,132.25,4.19,-6.93
Heilongjiang,8,202104,2021,4,16.71478,8259.1,1033.25,0.834304,1.02,138.64,140.21,12.74,0.83
Heilongjiang,8,202105,2021,5,15.03478,9592.2,1064.83,0.827998,0.99,168.35,169.19,19.69,8.3
Heilongjiang,8,202106,2021,6,14.48258,1514.6,1085.89,0.824863,0.96,167.62,167.83,24.98,14.7
Heilongjiang,8,202107,2021,7,14.57957,2432.4,1123.41,0.827981,0.93,199.48,199.89,28.95,20.65
Heilongjiang,8,202108,2021,8,14.15626,3303.4,1146,0.829226,0.9,115.57,118.9,24.84,15.96
Heilongjiang,8,202109,2021,9,13.94289,4192,1180.06,0.829423,0.87,134.65,136.6,20.29,9.74
Heilongjiang,8,202110,2021,10,13.96783,5165.9,1421.22,0.827234,0.9,100.17,106.53,12.08,0.15
Heilongjiang,8,202111,2021,11,15.25943,6012.2,1427.8,0.827704,1.22,75.98,80.83,0.15,-8.38
Heilongjiang,8,202112,2021,12,17.57077,6892.6,1390.94,0.819984,1.64,74.92,80.11,-10.45,-20.53
Heilongjiang,8,202201,2022,1,19.72367,7893.1,1018.57,0.815949,1.83,137.47,122.33,-12.51,-23.2
Heilongjiang,8,202202,2022,2,18.10787,8914.7,982.25,0.815904,1.93,147.52,165.22,-7.85,-19.51
Heilongjiang,8,202203,2022,3,17.02139,10066.4,977.62,0.80596,1.1,63.99,67.01,3.38,-7.68
Heilongjiang,8,202204,2022,4,14.04119,11460.9,1083.82,0.789753,0.97,38.87,39.08,13.41,1.5
Heilongjiang,8,202205,2022,5,13.32537,6602.15,1108.95,0.773829,1.11,94.17,94.44,19.79,7.6
Heilongjiang,8,202206,2022,6,13.56546,1743.4,1131.3,0.773146,1.24,172.89,173.41,25.28,14.7
Heilongjiang,8,202207,2022,7,14.12467,2832.9,1207.6,0.778369,0.57,244.59,240.8,28.38,19.37
Heilongjiang,8,202208,2022,8,14.17593,3811.3,1233.01,0.779232,0.81,233.76,235.18,24.72,14.81
Heilongjiang,8,202209,2022,9,13.38608,4849.8,1263.11,0.774093,0.99,89.47,92.73,20.85,9.74
Heilongjiang,8,202210,2022,10,15.64758,5973.4,1473.81,0.760367,1.06,71.94,77.56,10.35,-0.63
Heilongjiang,8,202211,2022,11,17.78062,6903.4,1475.04,0.76375,1.47,51.36,54.23,-0.21,-9.17
Heilongjiang,8,202212,2022,12,21.50549,7856.3,1439.48,0.763355,2.06,98.57,96.23,-11.61,-21.14
Heilongjiang,8,202301,2023,1,20.25562,8883.4,1053.07,0.787959,2.45,229.24,223.27,-13.76,-25.54
Heilongjiang,8,202302,2023,2,18.37894,9925.2,1022.71,0.788235,1.43,188.08,207.41,-5.77,-18.76
Heilongjiang,8,202303,2023,3,16.94211,11074.3,1021.97,0.772148,1.16,182.57,185.6,6.87,-4.81
Heilongjiang,8,202304,2023,4,14.73638,12558.5,1121.71,0.757213,0.78,202.81,206.63,12.54,1.18
Heilongjiang,8,202305,2023,5,14.05265,7199.3,1146.23,0.749855,0.62,228.71,226.17,21.07,8.64
Heilongjiang,8,202306,2023,6,13.67328,1840.1,1165.71,0.752557,0.45,221.25,221.03,25.49,15.19
Heilongjiang,8,202307,2023,7,14.14574,2917.8,1213.45,0.759241,0.29,281.39,281.45,26.81,18.38
Heilongjiang,8,202308,2023,8,14.55651,3831.1,1235.49,0.764382,0.12,285.39,287.2,25.44,17.35
Heilongjiang,8,202309,2023,9,13.90115,4763.6,1264.51,0.759051,0.98,225.58,230.23,21.93,11.23
Heilongjiang,8,202310,2023,10,14.87582,5720,1471.59,0.755742,1.15,209.07,216.29,14.55,2.15
Heilongjiang,8,202311,2023,11,18.53478,6561.1,1473.57,0.75823,2.25,143.43,147.83,-2.26,-11.6
Heilongjiang,8,202312,2023,12,21.67253,7472.5,1438.44,0.758389,1.75,160.23,162.92,-10.43,-20.53
Heilongjiang,8,202401,2024,1,21.51108,8484.2,1069.77,0.763174,1.86,60.2,55.4,-10.34,-21.21
Heilongjiang,8,202402,2024,2,18.63149,9544,1038.73,0.763228,2.02,239.47,251.46,-4.46,-16.55
Heilongjiang,8,202403,2024,3,17.85847,10687.2,1037.5,0.752653,1.22,168.51,174.67,3.13,-7.88
Heilongjiang,8,202404,2024,4,14.36862,12234.7,1126.79,0.725953,1.08,190.09,191.21,15.66,3.62
Heilongjiang,8,202405,2024,5,13.64447,9196.05,1151.03,0.713426,0.94,230.51,227.8,19.84,8.52
Heilongjiang,8,202406,2024,6,13.82642,6157.4,1170.55,0.707111,0.8,222.03,220.98,23.29,14.42
Heilongjiang,8,202407,2024,7,14.9376,9462,1250.37,0.71702,0.66,281.02,278.75,28.36,19.1
Heilongjiang,8,202408,2024,8,14.60819,12790.7,1260.98,0.722309,0.52,298.12,299.37,26.85,18.12
Heilongjiang,8,202409,2024,9,13.5114,15993.7,1266.61,0.715507,0.38,209.63,214.17,21.75,10.07
Heilongjiang,8,202410,2024,10,15.42471,19361.3,1272.24,0.711021,0.24,226.58,234.39,13.05,2.03
Heilongjiang,8,202411,2024,11,17.28178,22554.2,1277.87,0.714112,0.1,161.64,166.47,1.95,-6.89
Heilongjiang,8,202412,2024,12,21.19867,25804.9,1283.5,0.715374,0.04,173.96,177.33,-8.31,-18.85
Shanghai,9,201901,2019,1,9.74931,29290.6,2871.18,0.989199,13.83,282.62,225.7,9.2,3.1
Shanghai,9,201902,2019,2,7.54243,32700.2,2786.19,0.989545,14.97,281.66,226.66,9.04,3.84
Shanghai,9,201903,2019,3,9.39646,36214.7,2796.32,0.98989,16.11,254,214.41,15.58,7.28
Shanghai,9,201904,2019,4,8.27409,39866.4,2857.7,0.989134,17.1,226.35,202.17,21.2,12.5
Shanghai,9,201905,2019,5,8.42321,22755,2936.16,0.988636,17.66,198.74,189.95,25.63,16.39
Shanghai,9,201906,2019,6,8.14988,5643.6,2994.68,0.988529,16.05,171.17,177.75,27.51,20.86
Shanghai,9,201907,2019,7,8.99719,9047.1,2973.74,0.988235,16.21,143.67,165.58,30.7,24.81
Shanghai,9,201908,2019,8,9.81407,12102.6,3034.1,0.988885,16.1,116.26,153.46,32.26,25.49
Shanghai,9,201909,2019,9,8.30642,15154.8,3116.27,0.988736,16.17,88.94,141.38,28.08,21.48
Shanghai,9,201910,2019,10,8.29465,18414,3627.75,0.988559,16.09,61.73,129.36,23.44,16.78
Shanghai,9,201911,2019,11,8.56972,21413.8,3599.15,0.988107,16.9,34.66,117.4,18.18,11.28
Shanghai,9,201912,2019,12,10.12829,24657.8,3431.78,0.98814,18.01,7.73,105.51,12.6,5.64
Shanghai,9,202001,2020,1,7.54195,28323.3,2689.96,0.979828,16.67,186.37,321.9,10.01,4.92
Shanghai,9,202002,2020,2,7.29218,31607.7,2549.05,0.979734,15.73,238.96,349.19,12.77,5.01
Shanghai,9,202003,2020,3,7.61021,35254.3,2569.69,0.977909,17.17,289.2,374.34,16.17,8.23
Shanghai,9,202004,2020,4,7.94412,39277.2,3015.54,0.977871,17.3,333.11,394.4,20.18,10.73
Shanghai,9,202005,2020,5,8.39529,21916.75,3159.44,0.978032,16.58,366.74,406.42,26.55,18.66
Shanghai,9,202006,2020,6,8.56997,4556.3,3265.2,0.979613,15.67,386.1,407.47,28.45,22.74
Shanghai,9,202007,2020,7,8.45345,7211.7,3232.88,0.980466,15.25,387.23,394.58,29.21,24.28
Shanghai,9,202008,2020,8,10.3229,10169.7,3321.41,0.980914,17.34,366.16,364.82,33.63,27.07
Shanghai,9,202009,2020,9,9.78518,13294.3,3431.28,0.981294,14.55,318.91,315.25,27.47,20.59
Shanghai,9,202010,2020,10,9.70352,16796.9,3767.34,0.980967,18.13,241.53,242.91,22.02,15.11
Shanghai,9,202011,2020,11,10.69405,20085.3,3790.07,0.980724,16.93,155.56,167.18,17.82,11.51
Shanghai,9,202012,2020,12,13.281,23466.1,3703.2,0.981319,18.02,140.7,157.61,10.14,3.47
Shanghai,9,202101,2021,1,12.54966,27293.9,3197.23,0.978475,18.96,125.81,170.18,9.4,1.87
Shanghai,9,202102,2021,2,11.51424,30782.5,3114.06,0.978443,16.91,126.7,116.32,14.15,6.14
Shanghai,9,202103,2021,3,9.57573,34692.3,3143.4,0.979004,17.68,201.8,194.66,15.31,8.64
Shanghai,9,202104,2021,4,11.98943,38969.3,3467.32,0.978887,18.51,221.34,245.1,20.41,12.88
Shanghai,9,202105,2021,5,11.70113,6224.1,3573.28,0.979336,17.61,261.6,271.44,26.39,18.36
Shanghai,9,202106,2021,6,11.81158,9883.7,3643.97,0.981006,16.03,238.19,248.79,28.67,22.07
Shanghai,9,202107,2021,7,11.96784,13374.6,3557.39,0.979363,16.59,247.06,257.69,31.98,25.85
Shanghai,9,202108,2021,8,12.26221,16887.7,3628.9,0.980362,16.32,138.6,147.78,31.35,25.16
Shanghai,9,202109,2021,9,12.90195,20523.7,3736.76,0.980499,14.26,199.96,220.63,29.83,22.82
Shanghai,9,202110,2021,10,11.22817,23963.1,4127.76,0.979722,16.77,284.43,287.41,23.61,17.14
Shanghai,9,202111,2021,11,10.6541,27684.7,4146.89,0.979827,17.99,206.54,216.93,17.17,8.9
Shanghai,9,202112,2021,12,10.63324,31766.3,4039.83,0.980456,19.7,170.14,186.22,11.7,3.54
Shanghai,9,202201,2022,1,12.8436,35606.9,3425.43,0.980798,19.51,155.5,290.25,8.54,2.99
Shanghai,9,202202,2022,2,8.57105,39831,3303.29,0.980802,18.59,256.26,140.91,8.47,2.18
Shanghai,9,202203,2022,3,9.44007,44702.5,3287.71,0.977627,19.94,78.48,82.68,17.42,8.96
Shanghai,9,202204,2022,4,7.86024,25860.95,3279.19,0.973973,16.97,10.87,13.18,21.51,12.61
Shanghai,9,202205,2022,5,8.36623,7019.4,3355.23,0.973905,17.24,10.99,33.08,24.74,16.53
Shanghai,9,202206,2022,6,9.78402,10002.5,3422.85,0.972946,15.55,44.18,62.31,30.47,22.62
Shanghai,9,202207,2022,7,11.82843,11801.1,3571.57,0.975756,16.34,140.83,170.45,34.67,26.73
Shanghai,9,202208,2022,8,12.69783,14806,3646.71,0.977749,15.15,218.53,229.24,35.13,27.15
Shanghai,9,202209,2022,9,10.84042,19296.2,3735.76,0.977137,17.53,216.64,244.58,27.3,20.92
Shanghai,9,202210,2022,10,10.28011,23268.3,4138.74,0.976184,18.38,218.47,219.64,22.15,14.81
Shanghai,9,202211,2022,11,10.33416,27525.8,4142.19,0.975808,17.54,167.46,177.92,19.04,11.81
Shanghai,9,202212,2022,12,11.40412,31985.1,4042.32,0.975699,18.96,128.66,160.02,8.99,2.31
Shanghai,9,202301,2023,1,9.95157,35990.6,3574.47,0.967787,19.43,245.87,317.18,10.18,1.9
Shanghai,9,202302,2023,2,9.0075,40258.8,3471.41,0.967698,19.26,297.16,239.22,10.19,3.96
Shanghai,9,202303,2023,3,11.29648,44638.4,3468.91,0.968982,13.73,293.48,315.39,16.55,7.98
Shanghai,9,202304,2023,4,10.26466,25612.65,3632.62,0.966356,18.94,314.49,374.1,21.09,12.79
Shanghai,9,202305,2023,5,10.21072,6586.9,3712,0.96485,18.73,351.78,329.65,25.37,17.64
Shanghai,9,202306,2023,6,10.43427,10332.8,3775.11,0.967001,15.8,300.5,313.17,28.99,22
Shanghai,9,202307,2023,7,12.0619,13893.5,3781.31,0.969002,16.1,348.22,350.16,32.91,26.61
Shanghai,9,202308,2023,8,11.73694,17515.2,3850,0.970265,18.07,352.7,367.47,32.35,25.73
Shanghai,9,202309,2023,9,10.26069,21373,3940.42,0.970645,17.13,265.23,319.36,28.89,22.85
Shanghai,9,202310,2023,10,10.14245,24977.4,4374.65,0.970666,18.98,318.3,283.43,24.22,16.22
Shanghai,9,202311,2023,11,10.3301,28786.3,4380.53,0.969517,19.89,239.27,249.4,18.49,9.67
Shanghai,9,202312,2023,12,11.04032,32930.5,4276.11,0.970154,19.3,219.27,243.34,10.8,3.44
Shanghai,9,202401,2024,1,10.80479,36685.5,3773.78,0.967945,20.26,65.97,94.15,9.61,2.31
Shanghai,9,202402,2024,2,9.12031,40820.2,3664.27,0.96792,19.25,286.95,276.33,9.53,3.73
Shanghai,9,202403,2024,3,11.32827,45578.6,3659.95,0.96797,19.23,259.53,259.37,16.07,7.75
Shanghai,9,202404,2024,4,10.20168,31850.15,3794.34,0.967713,12.97,283.25,301.91,20.47,13.58
Shanghai,9,202405,2024,5,10.0081,18121.7,3875.98,0.966384,19.11,318.56,326.62,25.13,16.79
Shanghai,9,202406,2024,6,9.36007,28864.3,3941.7,0.966216,25.25,279.12,291.11,27.32,21.52
Shanghai,9,202407,2024,7,11.6287,39489.9,3989.5,0.965891,31.39,317.26,312.79,34.32,27.28
Shanghai,9,202408,2024,8,12.48913,50001.2,4023.38,0.968869,37.53,317.78,330.4,35.57,27.46
Shanghai,9,202409,2024,9,11.70435,61071.3,4041.34,0.969298,43.67,241.07,255.37,30.58,24.77
Shanghai,9,202410,2024,10,10.3036,71200.9,4059.3,0.968103,49.81,311.19,306.89,22.84,17.08
Shanghai,9,202411,2024,11,10.19938,82112.9,4077.26,0.967459,55.95,251.37,264.77,18.15,11.15
Shanghai,9,202412,2024,12,11.50174,92812.2,4095.22,0.967456,62.09,237.43,248.17,10.78,3.27
Jiangsu,10,201901,2019,1,60.74957,96693.6,7908.18,0.907979,4.11,926.55,849.75,7.05,-0.08
Jiangsu,10,201902,2019,2,46.76864,104064.5,7674.1,0.902843,4.24,925.28,850.51,7.46,1.1
Jiangsu,10,201903,2019,3,62.06871,114806.5,7702.01,0.897707,4.37,850.23,793.74,15.83,6.23
Jiangsu,10,201904,2019,4,59.79059,65329.4,8460.39,0.892262,4.27,775.23,737,20.92,11.21
Jiangsu,10,201905,2019,5,59.29343,15852.3,8692.68,0.887187,4.38,700.32,680.34,26.13,15.93
Jiangsu,10,201906,2019,6,57.88698,26444,8865.94,0.885374,4.39,625.54,623.78,29.18,20.71
Jiangsu,10,201907,2019,7,64.39715,35537.8,8465.91,0.88536,4.07,550.94,567.37,31.75,24.68
Jiangsu,10,201908,2019,8,66.43227,44970.5,8637.74,0.885635,4.13,476.57,511.13,31.45,24.41
Jiangsu,10,201909,2019,9,60.36462,54704.6,8871.68,0.884949,4.25,402.47,455.1,27.87,20.11
Jiangsu,10,201910,2019,10,60.03568,64378.5,9472.81,0.884437,4.42,328.69,399.31,22.46,14.22
Jiangsu,10,201911,2019,11,61.73922,74242.7,9398.14,0.884447,4.56,255.27,343.81,17.18,8.32
Jiangsu,10,201912,2019,12,63.64613,84711.1,8961.1,0.885074,4.58,182.25,288.63,10.96,2.8
Jiangsu,10,202001,2020,1,44.29094,94491,7190.97,0.864146,4.42,800.12,925.06,7.81,2.17
Jiangsu,10,202002,2020,2,43.21319,105395.9,6814.27,0.863911,4.48,946.68,1040.85,11.88,3.06
Jiangsu,10,202003,2020,3,51.3648,117498.5,6869.46,0.854238,4.68,1085.78,1149.56,15.96,6.62
Jiangsu,10,202004,2020,4,60.7773,65052.1,8117.56,0.856767,4.79,1205.45,1240.6,20.3,9.19
Jiangsu,10,202005,2020,5,64.67556,12605.7,8504.93,0.859465,4.47,1293.77,1303.4,27.21,17.61
Jiangsu,10,202006,2020,6,66.00371,22019.9,8789.61,0.863646,3.16,1338.77,1327.39,28.85,22.02
Jiangsu,10,202007,2020,7,63.19547,31984.2,8739.84,0.865509,4.08,1328.53,1302,28.15,22.94
Jiangsu,10,202008,2020,8,75.25473,42117.8,8979.17,0.869666,4.29,1251.09,1216.65,33.02,26.49
Jiangsu,10,202009,2020,9,68.58691,53005,9276.2,0.869742,4.61,1094.51,1060.76,27.62,19.42
Jiangsu,10,202010,2020,10,66.1151,63467.7,9999.27,0.868241,5.01,846.85,823.76,21.03,12.77
Jiangsu,10,202011,2020,11,67.67747,74153.3,10059.58,0.86728,4.84,578.53,571.59,16.3,8.52
Jiangsu,10,202012,2020,12,75.81387,86118.7,9829.02,0.869492,5.28,545.84,542.26,7.82,0.29
Jiangsu,10,202101,2021,1,61.67407,97422,8747.26,0.837671,5.26,548.04,590.94,8.08,-0.34
Jiangsu,10,202102,2021,2,69.79385,109999.4,8519.72,0.837313,5.29,546.96,520.76,13.39,4.53
Jiangsu,10,202103,2021,3,45.2775,124028.9,8599.99,0.843776,4.88,699.15,665.93,14.87,7.05
Jiangsu,10,202104,2021,4,65.42018,20032.4,9520.93,0.844367,5.27,779.27,771.59,19.1,11.01
Jiangsu,10,202105,2021,5,66.95017,32779.2,9811.89,0.841778,4.96,894.96,884.01,25.58,17.19
Jiangsu,10,202106,2021,6,67.26259,45085.4,10006,0.840079,4.56,804.09,803.58,30.16,21.73
Jiangsu,10,202107,2021,7,66.04317,57730.4,9784.23,0.835544,4.53,757.79,761.58,31.18,25
Jiangsu,10,202108,2021,8,67.31921,71086.8,9980.92,0.839093,5.1,407.12,420.29,30.58,24.09
Jiangsu,10,202109,2021,9,67.1115,83676.4,10277.58,0.837886,4.16,749.63,754.95,29.1,21.63
Jiangsu,10,202110,2021,10,55.91232,96346,11114.78,0.836345,4.4,1018.81,986.3,22.65,14.59
Jiangsu,10,202111,2021,11,57.9612,109681.3,11166.28,0.836406,4.63,756.71,748.73,16.74,6.81
Jiangsu,10,202112,2021,12,63.05204,122454.8,10878.01,0.836348,5.28,754.87,752.7,10.92,1.09
Jiangsu,10,202201,2022,1,65.65842,137058.2,9533.14,0.830005,5.04,851.37,971,7.25,0.53
Jiangsu,10,202202,2022,2,49.4753,153285,9193.22,0.829934,5.53,836.15,730.39,7.88,-0.2
Jiangsu,10,202203,2022,3,64.08563,88189.5,9149.87,0.815146,5.51,403.14,394.38,16.93,7.34
Jiangsu,10,202204,2022,4,55.96918,23094,9644.57,0.800541,4.88,144.29,148.79,21.86,11.74
Jiangsu,10,202205,2022,5,62.40003,36838.3,9868.21,0.799938,5.25,388.48,380.98,25.99,16.02
Jiangsu,10,202206,2022,6,68.20618,48297.5,10067.11,0.802653,5.05,802.81,797.97,31.89,22.91
Jiangsu,10,202207,2022,7,72.61968,61570.5,10228.06,0.809968,4.61,824.93,826.06,33.19,25.75
Jiangsu,10,202208,2022,8,75.85602,76349.2,10443.26,0.817317,4.33,988.36,980.98,33.25,25.97
Jiangsu,10,202209,2022,9,65.66989,89784.2,10698.28,0.817488,4.86,895.13,881.8,26.8,18.88
Jiangsu,10,202210,2022,10,63.17962,103769.5,11388.97,0.814668,5.3,832.59,815.21,21.05,11.76
Jiangsu,10,202211,2022,11,60.06844,118770,11398.48,0.813746,5.11,658.52,651.42,17.02,9.44
Jiangsu,10,202212,2022,12,63.73583,132837.1,11123.64,0.813421,5.27,602.47,632.05,7.22,-1
Jiangsu,10,202301,2023,1,60.86847,148148.2,9975,0.790705,5.78,1106.96,1166.85,8.68,-1.25
Jiangsu,10,202302,2023,2,52.33315,164344.5,9687.41,0.790449,5.47,977.15,899.79,8.59,1.26
Jiangsu,10,202303,2023,3,68.60033,93504.6,9680.42,0.784962,5.23,1077.3,1064.07,16.59,6.69
Jiangsu,10,202304,2023,4,67.0647,22664.7,10268.65,0.782637,5.11,1206.11,1202.29,20.22,11.35
Jiangsu,10,202305,2023,5,70.70766,37301.4,10493.04,0.791202,5.48,1177.09,1171.22,25.33,16.85
Jiangsu,10,202306,2023,6,69.31691,50815.9,10671.42,0.797009,4.48,1062.4,1068.12,29.51,21.14
Jiangsu,10,202307,2023,7,75.81742,64588.1,10670.9,0.803362,4.94,1147.67,1155.76,31.8,25.55
Jiangsu,10,202308,2023,8,76.01749,79174.1,10864.74,0.80974,5.17,1248.73,1260.54,31.62,24.17
Jiangsu,10,202309,2023,9,67.57654,92670.1,11119.92,0.812626,4.73,1056.29,1067.77,27.61,20.95
Jiangsu,10,202310,2023,10,65.65875,107037.4,11879.26,0.81379,5.56,1129.14,1094.8,23.84,14.1
Jiangsu,10,202311,2023,11,63.55813,122640.4,11895.23,0.809931,5.69,888.98,882.31,16.66,6.87
Jiangsu,10,202312,2023,12,65.3905,137943.7,11611.67,0.810638,5.18,868.64,866.65,8.56,0.59
Jiangsu,10,202401,2024,1,67.17749,154282,10548.1,0.786041,5.46,264.99,308.42,7.66,-0.3
Jiangsu,10,202402,2024,2,56.86523,171546.5,10241.99,0.785764,6,1127.54,1093,7.7,1.09
Jiangsu,10,202403,2024,3,70.47145,90635.45,10229.91,0.78627,5.79,983.29,953.93,15.4,6.65
Jiangsu,10,202404,2024,4,65.95509,9724.4,10752.71,0.789872,4.06,1112.23,1103.49,21.16,12.73
Jiangsu,10,202405,2024,5,67.29732,15298.4,10984.08,0.792398,5.36,1209.22,1205.76,26.06,16.22
Jiangsu,10,202406,2024,6,66.29692,21586.4,11170.33,0.797271,6.66,1053.28,1056.86,29.71,21.68
Jiangsu,10,202407,2024,7,70.85809,27520.9,11339.39,0.799512,7.96,1118.52,1127.35,32.96,26.55
Jiangsu,10,202408,2024,8,75.43553,33766,11435.66,0.80862,9.26,1180.37,1193.91,34.31,26.52
Jiangsu,10,202409,2024,9,68.75431,39830.7,11486.71,0.808751,10.56,949.03,948.94,29.89,22.91
Jiangsu,10,202410,2024,10,63.291,46138.8,11537.76,0.807498,11.86,1188.57,1172.33,21.36,13.91
Jiangsu,10,202411,2024,11,65.39829,52567,11588.82,0.804506,13.16,968.5,959.25,16.67,8.77
Jiangsu,10,202412,2024,12,67.96001,58782.8,11639.87,0.804872,14.46,927.26,930.55,9.11,0.74
Zhejiang,11,201901,2019,1,25.25793,65457.8,4521.6,0.720057,2.34,724.96,542.03,10.54,3.99
Zhejiang,11,201902,2019,2,19.48278,72524.3,4387.76,0.72952,3.52,722.44,544.45,10.51,5.32
Zhejiang,11,201903,2019,3,29.17798,41240.35,4403.71,0.738983,4.7,653.01,514.19,16.78,8.61
Zhejiang,11,201904,2019,4,28.6857,9956.4,4920.68,0.745858,4.79,583.63,483.95,23.07,14
Zhejiang,11,201905,2019,5,28.1018,17008.1,5055.78,0.741108,4.94,514.32,453.75,26,17.2
Zhejiang,11,201906,2019,6,27.10298,22789.7,5156.55,0.738592,4.25,445.14,423.61,28.12,21.46
Zhejiang,11,201907,2019,7,27.20813,28940.9,5065.36,0.731977,4.36,376.13,393.56,31.14,24.72
Zhejiang,11,201908,2019,8,30.7297,35421.7,5168.17,0.734934,4.67,307.31,363.6,33.08,25.28
Zhejiang,11,201909,2019,9,27.44935,41679,5308.14,0.736329,4.54,238.75,333.76,29.46,21.43
Zhejiang,11,201910,2019,10,27.93684,47925.5,5928.3,0.739066,4.95,170.47,304.06,24.69,17.01
Zhejiang,11,201911,2019,11,28.64901,54615.6,5881.58,0.740606,5.15,102.51,274.52,19.4,11.15
Zhejiang,11,201912,2019,12,31.16656,60930.1,5608.07,0.744375,5.33,34.93,245.16,14.01,6.27
Zhejiang,11,202001,2020,1,17.6706,67985,4489.99,0.63642,4.8,473.24,784.49,11.74,5.79
Zhejiang,11,202002,2020,2,16.8741,76148.5,4254.78,0.635207,5.17,604.96,852.08,14.35,6.34
Zhejiang,11,202003,2020,3,24.8817,41952.75,4289.24,0.668518,5.09,730.98,914.48,17.46,9.54
Zhejiang,11,202004,2020,4,27.241,7757,5053.46,0.674796,5.42,841.55,964.5,21.09,11.18
Zhejiang,11,202005,2020,5,31.25828,13553.5,5294.61,0.69948,5.2,926.9,994.98,28.03,19.29
Zhejiang,11,202006,2020,6,30.14837,19787.8,5471.84,0.702992,4.54,977.3,998.73,29.92,23.51
Zhejiang,11,202007,2020,7,29.50674,26236.9,5426.34,0.703366,3.45,982.99,968.57,31.21,24.86
Zhejiang,11,202008,2020,8,34.18118,33082.7,5574.93,0.713343,5.25,934.2,897.34,34.4,26.18
Zhejiang,11,202009,2020,9,31.64502,39797.4,5759.35,0.715092,2.76,821.19,777.84,27.29,20.08
Zhejiang,11,202010,2020,10,31.09945,46790.3,6289.84,0.715036,5.52,634.2,602.92,22.81,14.97
Zhejiang,11,202011,2020,11,34.27076,54414.5,6327.78,0.718042,5.46,425.16,418.67,19.13,11.8
Zhejiang,11,202012,2020,12,34.79016,61675.3,6182.75,0.721283,5.38,386.46,391.26,10.99,4.4
Zhejiang,11,202101,2021,1,28.5618,69576.4,5525.44,0.750347,6.14,362.58,498.07,11.56,2.7
Zhejiang,11,202102,2021,2,31.17835,78689.4,5381.7,0.750674,5.52,412.02,357.27,15.94,7.48
Zhejiang,11,202103,2021,3,21.16974,12803.1,5432.41,0.752128,5.57,544.33,461.46,17.02,9.4
Zhejiang,11,202104,2021,4,31.21795,20685.1,5960.36,0.754104,5.89,565.99,565.54,21.05,13.14
Zhejiang,11,202105,2021,5,32.29467,28800.6,6142.51,0.752034,5.89,641.9,633.16,26.64,18.84
Zhejiang,11,202106,2021,6,32.31192,36938.2,6264.02,0.751952,5.22,569.86,567.37,29.24,22.02
Zhejiang,11,202107,2021,7,31.32673,45705,6091.27,0.753397,5.08,611.2,593.18,32.34,25.15
Zhejiang,11,202108,2021,8,32.73587,54060.2,6213.71,0.755235,5.95,457.38,470.98,31.96,24.43
Zhejiang,11,202109,2021,9,33.4034,62689.2,6398.4,0.756688,4.73,579.34,582.22,31.46,22.54
Zhejiang,11,202110,2021,10,31.41961,71743.7,7022.02,0.755516,5.42,778.86,753.95,24,16.7
Zhejiang,11,202111,2021,11,27.1089,80365.7,7054.56,0.755851,5.45,560.94,556.43,17.83,9.14
Zhejiang,11,202112,2021,12,28.85734,89791.1,6872.43,0.75522,6.28,406.07,435.64,13.34,4.38
Zhejiang,11,202201,2022,1,30.70907,100483.2,6120.58,0.722029,6.06,463.49,734.52,9.86,3.91
Zhejiang,11,202202,2022,2,22.4073,57804,5902.34,0.721656,6.19,671.2,441.22,8.72,3.13
Zhejiang,11,202203,2022,3,33.25537,15124.8,5874.51,0.726331,6.69,454.22,429.23,18.61,9.75
Zhejiang,11,202204,2022,4,31.06997,24621,6138.71,0.726417,6.05,304.13,318.98,22.39,12.94
Zhejiang,11,202205,2022,5,30.81763,33168.8,6281.06,0.723989,6.12,445.42,462.48,24.25,15.93
Zhejiang,11,202206,2022,6,30.28798,42250.3,6407.65,0.720959,5.58,647.3,645.69,29.9,21.85
Zhejiang,11,202207,2022,7,36.66943,52070.6,6431.98,0.732367,2.38,789.13,775.19,35.44,25.87
Zhejiang,11,202208,2022,8,38.64957,61249.2,6567.31,0.741429,5.09,719.45,733.51,36.31,26.27
Zhejiang,11,202209,2022,9,33.79005,70538.1,6727.68,0.744338,5.39,689.2,680.58,29.17,20.75
Zhejiang,11,202210,2022,10,30.72116,80179.3,7203.15,0.741359,6.26,704.97,682.66,23.35,15.15
Zhejiang,11,202211,2022,11,30.24695,89354.4,7209.16,0.741748,4.96,557.79,552.18,19.85,13.1
Zhejiang,11,202212,2022,12,31.85687,99064.9,7035.33,0.742309,6.64,459.58,513.41,10.05,3.18
Zhejiang,11,202301,2023,1,26.82695,109256.4,6420.54,0.669522,7.11,703.07,896.96,11.79,3.4
Zhejiang,11,202302,2023,2,23.46043,61642.35,6235.43,0.668704,6.81,846.24,645.11,12.11,5.07
Zhejiang,11,202303,2023,3,35.48946,14028.3,6230.94,0.697189,5.53,811.11,795.52,17.42,8.34
Zhejiang,11,202304,2023,4,32.49655,23890.4,6575.23,0.707375,6.59,906.52,913.81,21.55,12.76
Zhejiang,11,202305,2023,5,33.99279,32819.7,6718.91,0.716947,5.9,905.59,898.08,26.5,17.54
Zhejiang,11,202306,2023,6,34.59516,42031.2,6833.13,0.722745,5.68,802.21,795.63,29.77,22.25
Zhejiang,11,202307,2023,7,37.37362,51923.7,6777.48,0.730223,6.34,914.86,898.67,33.65,25.64
Zhejiang,11,202308,2023,8,35.03436,61022.3,6900.59,0.731851,6.21,966.18,987.16,32.16,24.29
Zhejiang,11,202309,2023,9,31.88002,70773.7,7062.67,0.732224,6.28,768.3,802.47,30.14,22.61
Zhejiang,11,202310,2023,10,31.35153,81000.7,7648.21,0.73101,6.92,845.85,792.13,24.37,15.85
Zhejiang,11,202311,2023,11,31.38178,90542.7,7658.49,0.730054,7.32,672.12,667.14,19.41,9.47
Zhejiang,11,202312,2023,12,33.88718,100788.1,7475.93,0.733339,6.05,640.29,648.85,12.29,3.79
Zhejiang,11,202401,2024,1,30.31815,112056.6,6847.42,0.699969,6.66,178.41,302.54,11.38,2.77
Zhejiang,11,202402,2024,2,25.61993,58713.35,6648.71,0.699594,6.94,840.08,795.83,10.92,4.08
Zhejiang,11,202403,2024,3,35.23116,5370.1,6640.87,0.716935,6.59,765.98,698.5,17.91,8.71
Zhejiang,11,202404,2024,4,31.91814,8563.7,6948.19,0.719019,4.72,816.26,802.38,22.21,15.02
Zhejiang,11,202405,2024,5,32.63803,11700.3,7097.69,0.717124,6.9,917.54,829.93,26.11,17.16
Zhejiang,11,202406,2024,6,29.4819,14852.8,7218.04,0.709892,9.08,786.49,786.04,27.45,21.43
Zhejiang,11,202407,2024,7,35.7806,18289.1,7264.38,0.716267,11.26,897.32,876.32,34.93,26.33
Zhejiang,11,202408,2024,8,36.57017,21485.5,7326.06,0.725638,13.44,917.55,945.29,35.76,26.19
Zhejiang,11,202409,2024,9,34.92594,24709.6,7358.76,0.730323,15.62,707.75,716.22,31.14,23.84
Zhejiang,11,202410,2024,10,32.41283,27655.7,7391.47,0.730206,17.8,897.47,871.13,23.03,16.62
Zhejiang,11,202411,2024,11,31.95889,30198.8,7424.17,0.729115,19.98,718.36,713.53,18.72,11.81
Zhejiang,11,202412,2024,12,35.06428,33191.3,7456.88,0.731171,22.16,672.43,689.5,11.66,4.24
Anhui,12,201901,2019,1,29.77066,36256.6,2441.77,0.969819,1.92,616.03,717.14,7.18,0.1
Anhui,12,201902,2019,2,22.98532,20655.65,2369.49,0.964444,2.24,616.64,714.79,7.14,1.47
Anhui,12,201903,2019,3,28.67261,5054.7,2378.11,0.959069,2.56,584.14,657.86,16.49,6.87
Anhui,12,201904,2019,4,27.83407,8389.1,2727.79,0.955059,2.57,551.66,600.97,22.39,12.33
Anhui,12,201905,2019,5,28.49057,11268.9,2802.69,0.952316,2.6,519.22,544.14,26.7,16.85
Anhui,12,201906,2019,6,29.89602,14248.4,2858.55,0.951421,2.58,486.84,487.42,29.99,21.55
Anhui,12,201907,2019,7,33.03574,17427.6,2788.71,0.951678,2.52,454.55,430.83,32.31,24.5
Anhui,12,201908,2019,8,33.66366,20434.5,2845.31,0.951578,2.24,422.35,374.4,32.32,24.28
Anhui,12,201909,2019,9,29.40236,23541.5,2922.37,0.950537,2.56,390.28,318.18,28.67,19.62
Anhui,12,201910,2019,10,27.99493,26848.4,3528.74,0.951153,2.75,358.34,262.19,23.42,14.32
Anhui,12,201911,2019,11,29.48243,29395.7,3500.92,0.951445,2.77,326.57,206.47,17.56,8
Anhui,12,201912,2019,12,33.45456,32762.2,3338.12,0.952264,2.67,294.99,151.05,11.47,2.6
Anhui,12,202001,2020,1,23.0684,36623.7,2677.86,0.950208,2.32,676.75,481.84,7.54,1.43
Anhui,12,202002,2020,2,23.50703,20367.8,2537.57,0.950185,2.68,743.39,588.83,12.88,3.47
Anhui,12,202003,2020,3,27.55818,4111.9,2558.13,0.942392,2.7,804.89,690.32,16.81,7.2
Anhui,12,202004,2020,4,27.54778,7011.8,3049.3,0.940242,2.89,854.1,777.52,21.21,9.8
Anhui,12,202005,2020,5,29.40311,10051.9,3194.82,0.939625,2.68,883.88,841.62,28.57,18.1
Anhui,12,202006,2020,6,29.46639,13104.7,3301.76,0.939898,2.22,887.07,873.81,29.59,22.5
Anhui,12,202007,2020,7,28.55869,16489,3276.23,0.940407,2.15,856.54,865.3,28.42,22.98
Anhui,12,202008,2020,8,34.32509,19666.3,3365.95,0.93942,2.59,785.12,807.28,33.07,25.5
Anhui,12,202009,2020,9,32.06625,22913.8,3477.29,0.939632,2.35,665.68,690.95,27.49,18.64
Anhui,12,202010,2020,10,31.75064,26468.8,3765.4,0.939645,2.97,491.07,507.5,20.76,12.31
Anhui,12,202011,2020,11,33.90166,30074.2,3788.11,0.940184,2.78,311.14,310.38,16,7.74
Anhui,12,202012,2020,12,39.17046,33952.8,3701.29,0.94246,3.21,301.98,292.21,7.96,0.07
Anhui,12,202101,2021,1,31.88187,38396.1,3220.99,0.931198,3.13,376.62,312.76,8.62,-0.36
Anhui,12,202102,2021,2,37.58795,5958.5,3137.2,0.931072,3.3,424.75,450.18,14.54,4.77
Anhui,12,202103,2021,3,24.41273,9745.6,3166.76,0.929972,2.93,380.64,409.02,15.12,7.31
Anhui,12,202104,2021,4,32.19769,13446.6,3549.08,0.929491,3.14,433.83,427.09,19.28,11.28
Anhui,12,202105,2021,5,29.81534,17212.7,3657.54,0.928254,2.87,471.97,477.15,26.14,17.3
Anhui,12,202106,2021,6,30.77876,21185.6,3729.89,0.927991,2.69,440.21,435.95,30.58,21.66
Anhui,12,202107,2021,7,31.82582,24844.7,3673.58,0.924552,2.69,437.89,442.8,30.9,24.32
Anhui,12,202108,2021,8,33.15494,28502.6,3747.42,0.924308,3.01,340.69,323.95,30.31,23.16
Anhui,12,202109,2021,9,33.46296,32519,3858.81,0.924454,2.68,461.74,444.94,29.92,20.75
Anhui,12,202110,2021,10,31.02207,36455.7,4103.34,0.923218,2.48,594.9,606.58,21.85,13.34
Anhui,12,202111,2021,11,29.84354,40529.3,4122.35,0.922864,2.92,440.33,435.99,17.02,6.14
Anhui,12,202112,2021,12,30.16141,45275.7,4015.93,0.923898,3.19,432.55,416.35,11.55,1.02
Anhui,12,202201,2022,1,33.63693,7247.29,3540.9,0.939084,3.05,684.33,495.73,7.35,0.57
Anhui,12,202202,2022,2,27.4294,6820,3414.64,0.939255,3.5,586.95,731.66,7.54,0.68
Anhui,12,202203,2022,3,33.25025,11051.3,3398.54,0.929107,3.37,322.51,325.69,17.97,7.71
Anhui,12,202204,2022,4,28.67773,14269.3,3688.42,0.921318,3.17,140.46,138.24,22.49,11.87
Anhui,12,202205,2022,5,31.44688,17850.1,3773.95,0.921483,3.25,315.58,300.34,26.14,15.62
Anhui,12,202206,2022,6,34.24556,21741.8,3850.01,0.919929,3.25,512.59,512.75,32.24,22.61
Anhui,12,202207,2022,7,37.85102,25479.7,3888.38,0.921253,1.94,497.12,503.9,33.53,25.12
Anhui,12,202208,2022,8,40.40972,29452.1,3970.19,0.923666,2.5,599.45,590.2,34.09,25.43
Anhui,12,202209,2022,9,32.48891,33694,4067.14,0.920606,3.1,540.53,528.68,28.58,18.66
Anhui,12,202210,2022,10,32.73616,37706.8,4175.07,0.918765,3.12,465.78,472.74,21.51,11.74
Anhui,12,202211,2022,11,31.82463,41915.2,4178.56,0.918268,3.14,334.84,329.41,17.33,9.48
Anhui,12,202212,2022,12,35.39443,46717.1,4077.8,0.919585,3.2,372.34,339.72,7.53,-0.45
Anhui,12,202301,2023,1,32.20595,7025.28,3710.17,0.90739,3.57,922.36,812.35,9.91,-0.12
Anhui,12,202302,2023,2,29.8495,6579.3,3603.21,0.907253,3.24,523.49,623.73,9.28,2.39
Anhui,12,202303,2023,3,34.75164,11004.6,3600.61,0.90516,3.23,581.32,581.34,17.48,7.29
Anhui,12,202304,2023,4,31.79247,15009,3918.44,0.898966,3.14,683.74,663.46,21.04,11.63
Anhui,12,202305,2023,5,34.20959,19129.9,4004.07,0.899543,3.27,650.85,672.32,25.75,17.04
Anhui,12,202306,2023,6,35.63074,23515.8,4072.14,0.902769,2.9,606.3,612.4,29.78,21.08
Anhui,12,202307,2023,7,39.45479,27724.6,4082.95,0.904601,2.92,631.51,646.5,32.1,24.96
Anhui,12,202308,2023,8,39.13846,32159,4157.12,0.907807,3.17,712,708.7,31.98,23.41
Anhui,12,202309,2023,9,34.5525,36850.9,4254.76,0.908584,2.75,645.9,594.55,27.63,20.37
Anhui,12,202310,2023,10,33.54132,41327.2,4359.09,0.908212,3.53,622.14,675.9,24.09,13.8
Anhui,12,202311,2023,11,34.74276,46136.9,4364.95,0.907677,3.53,488.59,489.79,17.07,6.44
Anhui,12,202312,2023,12,38.31078,51532.2,4260.9,0.909282,3.14,486.09,477.29,9.09,0.75
Anhui,12,202401,2024,1,37.57999,7332.03,3840.43,0.885271,3.32,212.56,162.23,8.55,-0.06
Anhui,12,202402,2024,2,31.49535,6835.4,3728.98,0.885002,3.83,828.66,840.99,7.89,0.93
Anhui,12,202403,2024,3,34.67825,11335.4,3724.58,0.911517,3.47,555.79,574.43,16.86,7.42
Anhui,12,202404,2024,4,31.21465,15630.2,4069.58,0.907953,3.11,641.75,645.38,22.26,13.58
Anhui,12,202405,2024,5,32.56738,19928.3,4157.14,0.903115,3.41,695,705.41,27.17,16.68
Anhui,12,202406,2024,6,34.76046,24479.7,4227.64,0.903752,3.71,608.64,616.64,30.2,21.77
Anhui,12,202407,2024,7,38.17365,28862.5,4322.22,0.901193,4.01,632.9,649.08,32.77,25.68
Anhui,12,202408,2024,8,40.04326,33247.6,4358.92,0.903827,4.31,702.2,702.24,34.43,25.57
Anhui,12,202409,2024,9,35.04255,37828.1,4378.38,0.902451,4.61,574.33,561.23,30.09,21.86
Anhui,12,202410,2024,10,31.76679,42417.4,4397.84,0.900791,4.91,689.83,707.94,21.58,13.16
Anhui,12,202411,2024,11,33.51979,47137.2,4417.3,0.89828,5.21,545.86,546.07,16.77,8.61
Anhui,12,202412,2024,12,37.00893,52192.5,4436.76,0.899066,5.51,529.15,523.37,9.19,0.58
Fujian,13,201901,2019,1,15.69429,2596.3,2814.84,0.627188,2.78,371.28,349.61,17.19,9.41
Fujian,13,201902,2019,2,12.09391,7766.7,2731.52,0.597599,3.11,370.67,349.64,17.58,10.88
Fujian,13,201903,2019,3,15.64174,12937.1,2741.45,0.568009,3.44,344.38,327.71,20.49,12.02
Fujian,13,201904,2019,4,15.98172,17661.8,2897.79,0.558377,3.05,318.12,305.8,25.4,17
Fujian,13,201905,2019,5,16.71688,22399.9,2977.35,0.563952,3.44,291.88,283.91,26.86,19.24
Fujian,13,201906,2019,6,16.11155,27484.8,3036.69,0.553937,3.03,265.69,262.06,29.53,23.23
Fujian,13,201907,2019,7,17.12812,32257,3001.18,0.547553,3.14,239.56,240.27,32.03,25.11
Fujian,13,201908,2019,8,19.33092,37101.1,3062.09,0.555317,3.37,213.51,218.54,33.39,24.99
Fujian,13,201909,2019,9,19.32782,42131.7,3145.02,0.566145,3.36,187.55,196.9,32.18,22.42
Fujian,13,201910,2019,10,18.73066,47116,4030.85,0.574368,3.35,161.71,175.35,28.08,19.32
Fujian,13,201911,2019,11,17.84512,52195.9,3999.08,0.580281,3.6,135.99,153.9,23.41,14.3
Fujian,13,201912,2019,12,18.88079,57495.9,3813.11,0.584441,3.6,110.41,132.58,19.09,10.1
Fujian,13,202001,2020,1,12.54726,7156.81,3081.12,0.59956,3.65,310.37,352.43,18.36,9.84
Fujian,13,202002,2020,2,11.73158,6591.2,2919.72,0.59973,3.59,361.17,396.34,18.58,9.89
Fujian,13,202003,2020,3,14.76458,11670.7,2943.37,0.58408,2.87,409.1,437.39,20.26,12.98
Fujian,13,202004,2020,4,15.7815,16651.1,3457.63,0.576814,3.64,449.78,471.4,22.67,13.45
Fujian,13,202005,2020,5,17.22956,21682.8,3622.63,0.576316,3.03,478.78,494.18,29.65,21.11
Fujian,13,202006,2020,6,18.0517,27059.5,3743.89,0.579883,4,491.69,501.54,32.81,24.52
Fujian,13,202007,2020,7,20.43051,32037.7,3710.03,0.595984,3.67,484.11,489.29,34.36,25.57
Fujian,13,202008,2020,8,21.23249,36922.3,3811.62,0.612226,3.46,451.63,453.24,33.65,24.82
Fujian,13,202009,2020,9,20.57337,42182.2,3937.71,0.616928,2.85,389.83,389.22,28.73,21.87
Fujian,13,202010,2020,10,20.30948,47154.5,4273.86,0.615818,3.25,294.3,293.02,25.38,17.58
Fujian,13,202011,2020,11,20.3723,51323.4,4299.64,0.613737,3.46,193.31,192.76,23.48,15.32
Fujian,13,202012,2020,12,21.85184,55952.7,4201.09,0.615427,2.3,187.93,188.31,15.89,9.37
Fujian,13,202101,2021,1,19.60095,8477.5,3633.86,0.600847,4.12,200.01,216.97,16.55,6.38
Fujian,13,202102,2021,2,20.53563,14488.7,3539.33,0.600683,4.15,237.83,238.47,20.83,10.99
Fujian,13,202103,2021,3,14.24628,20147.6,3572.67,0.602965,3.6,233.29,221.49,21.63,13.36
Fujian,13,202104,2021,4,21.55187,25690.1,3952.22,0.606169,3.86,261.7,261.35,24.17,16.2
Fujian,13,202105,2021,5,21.60555,31536.6,4073,0.593564,3.69,291.71,293.78,29.25,21.52
Fujian,13,202106,2021,6,21.20844,37060.2,4153.58,0.587049,3.24,251.45,252.99,30.82,23.71
Fujian,13,202107,2021,7,21.06999,42310.4,4056.41,0.598795,3.99,284.82,285.16,34.09,25.13
Fujian,13,202108,2021,8,22.91356,47879.9,4137.95,0.605604,3.24,206.52,210.73,32.47,24.61
Fujian,13,202109,2021,9,21.46124,53582.5,4260.94,0.613671,3.82,142.02,144.93,33.46,23.8
Fujian,13,202110,2021,10,20.71317,59396,4662.23,0.613791,3.95,224.52,227.13,26.58,19.8
Fujian,13,202111,2021,11,18.53743,65744.9,4683.83,0.611631,3.92,274.41,273.99,20.86,13.18
Fujian,13,202112,2021,12,17.89036,65127.28,4562.91,0.609287,4.29,269.44,271.91,17.5,9.18
Fujian,13,202201,2022,1,19.29585,10158.8,4058.13,0.547722,4.02,349.53,382.49,15.55,9.26
Fujian,13,202202,2022,2,14.66221,16649.9,3913.43,0.54703,3.58,360.56,339.87,13,7.78
Fujian,13,202203,2022,3,22.46404,19432.4,3894.97,0.565895,4.41,172.87,169.9,22.41,13.37
Fujian,13,202204,2022,4,20.13739,23186.1,4169.96,0.549038,4.4,147.52,148.49,24.79,15.5
Fujian,13,202205,2022,5,20.51032,27217.1,4266.65,0.529367,3.61,270.33,273.03,24.88,18.07
Fujian,13,202206,2022,6,20.94016,31920.2,4352.65,0.517777,3.59,295.37,297.92,29.78,22.79
Fujian,13,202207,2022,7,25.06507,36714.7,4360.36,0.530363,0,366.29,369.5,34.87,25.24
Fujian,13,202208,2022,8,27.21015,41534.7,4452.11,0.552331,3.61,329.3,336.16,35.14,25.24
Fujian,13,202209,2022,9,24.93908,46178.2,4560.83,0.563785,4.07,313.61,312.76,32.62,22.8
Fujian,13,202210,2022,10,19.7927,51033,4922.59,0.559925,4.22,343.06,343.68,27.43,18.68
Fujian,13,202211,2022,11,18.90233,56211.1,4926.7,0.556645,3.1,212.41,213.3,23.2,17.22
Fujian,13,202212,2022,12,18.90009,55674.42,4807.91,0.552087,4.39,223.66,234.92,15.02,8.06
Fujian,13,202301,2023,1,19.64171,7910.2,4092.18,0.493295,4.09,435.96,461.69,15.51,8.39
Fujian,13,202302,2023,2,16.34377,12922.2,3974.2,0.492634,4.34,374.22,355.02,17.55,9.77
Fujian,13,202303,2023,3,23.85426,17336.9,3971.34,0.528664,3.97,359.25,360.99,20.81,11.88
Fujian,13,202304,2023,4,20.53447,21926.8,4338.77,0.528762,4.11,414.49,416.83,23.57,16.02
Fujian,13,202305,2023,5,21.1443,26860.2,4433.58,0.528008,3.93,404.49,410.79,28.05,20.2
Fujian,13,202306,2023,6,23.70013,31446.6,4508.95,0.548581,4.21,358.96,362.24,30.97,23.7
Fujian,13,202307,2023,7,24.82145,36299,4480.11,0.563326,4.4,411.19,414.73,33.39,25.31
Fujian,13,202308,2023,8,24.56569,41413.6,4561.49,0.574551,3.9,460.64,468.97,32.49,24.84
Fujian,13,202309,2023,9,21.91483,46287.8,4668.62,0.576118,4.3,358.79,361.95,31.1,23.93
Fujian,13,202310,2023,10,21.68152,51410.3,5035.78,0.575272,4.53,388.31,388.29,25.89,19.33
Fujian,13,202311,2023,11,22.68418,56938.6,5042.54,0.577437,4.91,300.82,301.85,22.94,13.88
Fujian,13,202312,2023,12,23.7487,56350.46,4922.34,0.581598,3.99,310.85,314.43,17.59,9.56
Fujian,13,202401,2024,1,21.01225,4005.9,4208.02,0.588187,4.51,104.14,119.53,16.34,7.91
Fujian,13,202402,2024,2,17.79004,6342,4085.9,0.588261,4.93,488.96,487.48,17.24,9.75
Fujian,13,202403,2024,3,23.61303,8614,4081.08,0.601997,3.63,318.02,309.99,20.15,12.5
Fujian,13,202404,2024,4,20.93319,11093.1,4479.31,0.577614,3.24,356.06,358.85,24.94,18.71
Fujian,13,202405,2024,5,22.43913,13890.5,4575.69,0.568989,4.7,395.16,400.21,26.6,19.33
Fujian,13,202406,2024,6,21.96618,16577.8,4653.27,0.562488,6.16,343.86,347.82,29.27,23.37
Fujian,13,202407,2024,7,23.84446,19310.4,4662.72,0.573285,7.62,392.72,395.87,34.15,25.66
Fujian,13,202408,2024,8,24.7031,22213.2,4702.3,0.584215,9.08,443.79,452.25,33.25,25.19
Fujian,13,202409,2024,9,23.57908,25389.3,4723.3,0.592868,10.54,323.91,324.99,31.71,24.14
Fujian,13,202410,2024,10,22.23546,28933,4744.29,0.588784,12,417.64,418.69,26.65,19.89
Fujian,13,202411,2024,11,21.9278,32706,4765.28,0.585472,13.46,322.14,323.26,22.26,15.2
Fujian,13,202412,2024,12,23.60108,36479,4786.27,0.583991,14.92,317.31,322.19,16.68,8.38
Jiangxi,14,201901,2019,1,14.00655,4288.1,1856.84,0.902968,0.1,324.61,415.97,10.41,4.05
Jiangxi,14,201902,2019,2,10.78294,6895,1801.88,0.886764,1.04,325.44,414.38,10.13,5.18
Jiangxi,14,201903,2019,3,13.06829,9395.6,1808.43,0.87056,2.18,308.05,377.77,17.78,9.95
Jiangxi,14,201904,2019,4,13.25412,12054.4,1873.31,0.864977,2.17,290.68,341.18,23.9,15.47
Jiangxi,14,201905,2019,5,13.62905,15104.1,1924.75,0.866568,2.23,273.33,304.63,26.75,19.01
Jiangxi,14,201906,2019,6,13.40879,17954.5,1963.11,0.86354,2.29,256.01,268.15,29.98,23.15
Jiangxi,14,201907,2019,7,14.57391,20964.7,2014,0.861062,2.23,238.74,231.75,32.14,25.08
Jiangxi,14,201908,2019,8,16.39846,24323.6,2054.87,0.867948,2.31,221.52,195.46,35.02,26.06
Jiangxi,14,201909,2019,9,14.90107,27873.6,2110.53,0.871239,2.51,204.37,159.3,32.37,21.83
Jiangxi,14,201910,2019,10,15.12255,31670.1,2353.9,0.875332,2.55,187.29,123.29,26.59,17.59
Jiangxi,14,201911,2019,11,15.5815,35147.9,2335.35,0.877184,2.7,170.31,87.45,20.62,11.11
Jiangxi,14,201912,2019,12,17.12528,34795.68,2226.75,0.881714,2.52,153.42,51.8,15.1,6.06
Jiangxi,14,202001,2020,1,11.23595,3447.8,1829.49,0.888678,2.17,407.81,257.01,12.1,5.28
Jiangxi,14,202002,2020,2,10.86439,6021.1,1733.65,0.888756,2.27,444.94,325.62,16,7.4
Jiangxi,14,202003,2020,3,12.51405,8604.5,1747.7,0.878645,2.14,479.01,390.86,18.25,11.2
Jiangxi,14,202004,2020,4,13.92992,11207.1,2031.2,0.87239,2.57,505.87,447.27,22.75,12.42
Jiangxi,14,202005,2020,5,15.21648,14242.2,2128.12,0.876947,2.59,521.36,489.35,29.85,20.61
Jiangxi,14,202006,2020,6,14.97524,16993.6,2199.36,0.873004,2.78,521.31,511.61,31.32,24.46
Jiangxi,14,202007,2020,7,16.40303,20004.3,2177.33,0.874854,2.34,501.57,508.58,32.97,25.65
Jiangxi,14,202008,2020,8,18.30646,22859.8,2236.96,0.872241,2.72,457.97,474.78,34.55,25.77
Jiangxi,14,202009,2020,9,17.63675,26569.2,2310.95,0.873344,1.35,386.36,404.71,26.66,20.34
Jiangxi,14,202010,2020,10,17.75237,30600.2,2500.96,0.873178,2.86,282.58,292.9,22.5,15.56
Jiangxi,14,202011,2020,11,19.97937,35011,2516.05,0.874008,2.84,175.73,172.48,19.23,11.78
Jiangxi,14,202012,2020,12,21.79759,5276.8,2458.38,0.878746,2.55,168.57,162.86,10.81,4.57
Jiangxi,14,202101,2021,1,17.63591,8632,2222.37,0.901784,3.13,231.54,176.67,12.39,2.99
Jiangxi,14,202102,2021,2,18.89344,11943,2164.56,0.902043,2.96,247.84,267.42,17.21,9.05
Jiangxi,14,202103,2021,3,13.03537,15300.5,2184.95,0.897258,2.67,207.09,224.86,17.99,11.62
Jiangxi,14,202104,2021,4,16.82915,19265.7,2410.82,0.893282,2.51,252.77,244.35,20.53,14.84
Jiangxi,14,202105,2021,5,17.24253,22714.2,2484.49,0.881831,2.78,276.13,277.2,27.17,19.93
Jiangxi,14,202106,2021,6,16.8095,26410.4,2533.64,0.876339,2.7,247.7,243.93,31.23,23.7
Jiangxi,14,202107,2021,7,17.9579,30379.5,2489.51,0.869137,3.06,261.54,262.05,34.12,25.87
Jiangxi,14,202108,2021,8,18.38466,34667.9,2539.56,0.867653,2.91,213.49,195.66,32.98,25.19
Jiangxi,14,202109,2021,9,18.62461,39278.8,2615.04,0.869078,3.08,257.64,242.73,33.69,23.71
Jiangxi,14,202110,2021,10,18.12412,44307.8,2829.19,0.866554,2.92,339.72,341.93,23.88,16.54
Jiangxi,14,202111,2021,11,16.87799,25260.7,2842.3,0.864537,2.95,191.51,188.06,18.4,9.33
Jiangxi,14,202112,2021,12,17.16319,6213.6,2768.92,0.865493,3.25,243.14,232.26,14.16,4.94
Jiangxi,14,202201,2022,1,18.80954,9847.9,2505.02,0.886697,2.82,433.56,282.73,10.35,4.64
Jiangxi,14,202202,2022,2,13.58675,12201.4,2415.7,0.886936,3,333.95,442.53,7.76,3.07
Jiangxi,14,202203,2022,3,16.41618,15353.4,2404.31,0.860967,3.46,162.73,160.41,21.12,11.38
Jiangxi,14,202204,2022,4,15.79639,18521.3,2564.66,0.844609,3.35,93.59,87.04,23.79,14.06
Jiangxi,14,202205,2022,5,15.62727,21159.8,2624.13,0.833535,3.33,158.15,150.6,25.31,17.31
Jiangxi,14,202206,2022,6,15.45201,24489.2,2677.02,0.816013,3.04,297.4,296.57,30.59,23.04
Jiangxi,14,202207,2022,7,17.79913,28013.8,2678.24,0.816969,0.11,306.79,303.63,35,25.89
Jiangxi,14,202208,2022,8,19.15725,31577.1,2734.59,0.825747,2.7,316.34,301.68,36.39,26.25
Jiangxi,14,202209,2022,9,17.63109,35508,2801.37,0.82896,3.21,231.69,221.76,31.77,21.62
Jiangxi,14,202210,2022,10,17.39747,39876.5,2972.93,0.83055,3.39,281.23,281.87,24.83,15.49
Jiangxi,14,202211,2022,11,18.54637,22619.4,2975.41,0.834208,2.28,190.71,182.87,19.97,13.42
Jiangxi,14,202212,2022,12,19.97043,5362.3,2903.66,0.837945,3.22,209.4,189.32,9.72,2.82
Jiangxi,14,202301,2023,1,16.61617,8670.7,2483.74,0.850656,3.71,556.73,458.02,11.28,3.38
Jiangxi,14,202302,2023,2,14.47536,11873.9,2412.13,0.850799,3.43,306.35,373.43,12.01,5.76
Jiangxi,14,202303,2023,3,18.05634,14904.5,2410.39,0.856749,3.11,315.84,305.86,18.5,10.26
Jiangxi,14,202304,2023,4,16.48855,18325.5,2615.18,0.8443,3.19,399.7,377.74,22.19,14.77
Jiangxi,14,202305,2023,5,17.33266,21490.6,2672.33,0.837351,3.36,360.22,370.4,27.53,19.72
Jiangxi,14,202306,2023,6,17.68265,25093.3,2717.76,0.84028,3.45,336.65,343.13,30.27,23.31
Jiangxi,14,202307,2023,7,19.05808,28951.8,2708.72,0.840867,3.38,372.48,374.04,33.81,26.09
Jiangxi,14,202308,2023,8,18.40041,32791.7,2757.93,0.843955,3.37,425.8,403.52,32.61,24.63
Jiangxi,14,202309,2023,9,17.21709,37096.1,2822.7,0.841846,3.34,390.25,342.17,30.18,23.1
Jiangxi,14,202310,2023,10,16.44351,41632.1,2983.2,0.83986,3.92,370.75,408.05,24.37,16.81
Jiangxi,14,202311,2023,11,17.41923,27553.45,2987.21,0.840447,4,276.07,269.27,20,10.43
Jiangxi,14,202312,2023,12,19.13972,13474.8,2916,0.84308,2.9,279.73,270.96,12.84,4.68
Jiangxi,14,202401,2024,1,17.45481,21323.8,2499.65,0.863392,3.46,142.85,88.63,12,4.41
Jiangxi,14,202402,2024,2,14.73931,29477.1,2427.11,0.86362,3.59,536.73,540.9,11.02,4.86
Jiangxi,14,202403,2024,3,17.37761,36999.7,2424.24,0.845554,3.44,299.9,299.3,18.9,10.96
Jiangxi,14,202404,2024,4,15.7372,45100.1,2655.32,0.830397,2.87,345.22,344.56,23.35,17.65
Jiangxi,14,202405,2024,5,16.53499,51180,2712.46,0.820641,3.69,386.11,383.32,27.02,19.27
Jiangxi,14,202406,2024,6,16.15588,58457.7,2758.45,0.810597,4.51,348.29,348.44,28.17,22.81
Jiangxi,14,202407,2024,7,17.65832,66131.1,2801.67,0.804185,5.33,379.59,380.54,34.85,26.81
Jiangxi,14,202408,2024,8,17.69111,71554.4,2825.45,0.810689,6.15,429.29,407.4,34.67,25.95
Jiangxi,14,202409,2024,9,18.00202,76879.4,2838.07,0.815336,6.97,331.31,317.22,32.46,24.28
Jiangxi,14,202410,2024,10,16.80057,84633.6,2850.68,0.81365,7.79,416.16,418.14,24.17,16.56
Jiangxi,14,202411,2024,11,17.35282,47996.7,2863.29,0.812181,8.61,299.19,292.06,19.64,11.97
Jiangxi,14,202412,2024,12,19.55494,11359.8,2875.91,0.817065,9.43,283.54,276.84,12.56,4.38
Shandong,15,201901,2019,1,87.59007,18874,6972.91,0.944331,2.07,700.36,714.21,5.07,-4.46
Shandong,15,201902,2019,2,69.47929,25423.2,6766.51,0.935217,2.14,699.96,713.62,6.28,-2.41
Shandong,15,201903,2019,3,78.14678,32172,6791.12,0.926103,2.21,647.14,657.31,15.51,3.87
Shandong,15,201904,2019,4,76.53585,39062.9,7283.29,0.921687,2.09,594.35,601.03,19.63,8.6
Shandong,15,201905,2019,5,77.83731,45685,7483.26,0.918848,2.35,541.62,544.82,27.43,15.42
Shandong,15,201906,2019,6,79.08039,52425.1,7632.42,0.920589,2.27,488.99,488.71,31.07,21.02
Shandong,15,201907,2019,7,81.85411,59649.5,7306.13,0.923364,2.05,436.49,432.73,32.15,23.73
Shandong,15,201908,2019,8,77.07314,66640,7454.42,0.924818,2.01,384.15,376.93,29.54,22.09
Shandong,15,201909,2019,9,75.75652,74162.1,7656.31,0.926206,2.13,332,321.33,27.94,18.01
Shandong,15,201910,2019,10,76.58234,82288.1,6756.99,0.925838,2.38,280.07,265.98,20.6,11.26
Shandong,15,201911,2019,11,80.27331,46203,6703.73,0.92536,2.37,228.41,210.89,13.75,4.86
Shandong,15,201912,2019,12,86.3082,10117.9,6391.99,0.925354,2.34,177.03,156.11,6.96,-1.33
Shandong,15,202001,2020,1,73.29005,16988.3,5108.11,0.934535,2.29,659.85,656,5.26,-2.3
Shandong,15,202002,2020,2,71.63333,23947.8,4840.52,0.934638,2.1,764.42,767.06,9.36,-0.15
Shandong,15,202003,2020,3,75.18715,30932,4879.72,0.925566,2.42,863.42,872.34,15.37,3.96
Shandong,15,202004,2020,4,75.7776,38271.9,5737.85,0.917764,2.48,948.09,962.67,19.22,7.55
Shandong,15,202005,2020,5,74.53938,45508.4,6011.66,0.910724,2.35,1009.7,1028.9,26.03,14.99
Shandong,15,202006,2020,6,77.92361,52954.9,6212.89,0.912303,0,1039.48,1061.87,29.65,20.37
Shandong,15,202007,2020,7,78.81092,61022.4,6179.45,0.914137,2.24,1028.69,1052.42,28.89,21.45
Shandong,15,202008,2020,8,83.4093,68851.1,6348.66,0.916742,2.09,968.57,991.38,29.76,23.25
Shandong,15,202009,2020,9,83.6936,77341.2,6558.67,0.918201,2.32,850.39,869.61,26.93,17.4
Shandong,15,202010,2020,10,86.30148,86650.4,7118.81,0.919443,2.77,665.38,677.93,19.48,9.74
Shandong,15,202011,2020,11,88.6633,14446.7,7161.75,0.91879,2.4,464.47,470.57,13.22,4.37
Shandong,15,202012,2020,12,98.45367,23408.8,6997.6,0.91902,2.75,433.29,444.56,4.47,-3.62
Shandong,15,202101,2021,1,85.2609,32118.5,6103.02,0.90436,2.72,435.08,440.74,4.71,-4.91
Shandong,15,202102,2021,2,93.53383,40858.6,5944.26,0.904195,2.91,462.24,462.29,10.94,0.34
Shandong,15,202103,2021,3,63.49881,49887.5,6000.27,0.901256,2.64,561.08,563.2,14.23,4.44
Shandong,15,202104,2021,4,78.2782,57969.4,6710.64,0.896313,2.79,651.84,650.74,17.96,8.78
Shandong,15,202105,2021,5,76.03883,66237.5,6915.72,0.892527,2.61,795.45,802.14,25,14.79
Shandong,15,202106,2021,6,75.40103,74994.9,7052.53,0.89397,0.01,693.58,697.51,30.29,20.81
Shandong,15,202107,2021,7,73.39931,83665.8,6965.62,0.893342,0.73,749.72,750.31,30.74,23.52
Shandong,15,202108,2021,8,72.45369,93148.1,7105.64,0.897688,2.54,513.61,517.22,29.25,21.67
Shandong,15,202109,2021,9,71.15728,103622.9,7316.84,0.898596,2.54,654.21,657.96,26.5,18.83
Shandong,15,202110,2021,10,67.19482,59634.25,7937.08,0.898469,2.15,818.91,830.08,19.32,10.3
Shandong,15,202111,2021,11,67.99529,15645.6,7973.86,0.898259,2.64,603.05,609.94,13.9,3.69
Shandong,15,202112,2021,12,74.85373,24992.4,7768.01,0.898295,3.02,642.5,649.77,7.82,-1.94
Shandong,15,202201,2022,1,84.65175,33697.6,6818.79,0.903844,2.85,712.03,699.44,4.42,-3.51
Shandong,15,202202,2022,2,71.64515,42858.9,6575.65,0.903907,3.07,733.76,752.78,6.45,-2.84
Shandong,15,202203,2022,3,78.73792,52588.4,6544.65,0.890001,2.93,392.75,394.62,15.19,4.17
Shandong,15,202204,2022,4,71.96011,61507.9,7069.98,0.876855,2.83,288.38,290.06,21.51,10.56
Shandong,15,202205,2022,5,76.28352,70578.9,7233.93,0.870148,2.69,539.48,539.59,26.87,15.6
Shandong,15,202206,2022,6,80.45354,80043.6,7379.73,0.870284,3.01,762.33,765.74,31.79,21.35
Shandong,15,202207,2022,7,77.12345,89318.3,7430.98,0.875985,1.7,863.09,864.92,30.82,23.19
Shandong,15,202208,2022,8,80.92154,98736.5,7587.34,0.879563,2.3,924.16,929.58,30.11,22.86
Shandong,15,202209,2022,9,77.25828,109383.3,7772.62,0.880578,2.66,657.6,661.94,27.27,17.05
Shandong,15,202210,2022,10,77.9015,62809.3,8104.06,0.880013,2.61,603.09,610.69,19.25,9.43
Shandong,15,202211,2022,11,80.80077,16235.3,8110.83,0.879246,2.79,344.79,351.14,14.5,6.15
Shandong,15,202212,2022,12,93.94975,26302,7915.26,0.879408,2.92,439.29,448.9,4.42,-4.36
Shandong,15,202301,2023,1,87.83272,35605.1,6924.69,0.880115,3.42,873.91,875.07,5.62,-4.08
Shandong,15,202302,2023,2,77.91978,45011.3,6725.04,0.880123,2.82,783.62,792.5,7.93,-1.1
Shandong,15,202303,2023,3,82.28181,54764.2,6720.19,0.868486,2.89,867.38,870.23,16.62,5.61
Shandong,15,202304,2023,4,75.46765,63994.4,7493.66,0.857539,2.6,1014.25,992.1,19.02,10.04
Shandong,15,202305,2023,5,75.00481,73689,7657.41,0.852764,2.71,1037.55,1050.79,24.96,15.98
Shandong,15,202306,2023,6,77.92612,83976.9,7787.59,0.852825,0,918.57,911.46,31.02,20.52
Shandong,15,202307,2023,7,80.76069,94026,7801.62,0.856915,2.11,1094.11,1086.86,32.23,24.05
Shandong,15,202308,2023,8,83.10658,104566.2,7943.34,0.858779,2.69,1254.54,1254.21,30.76,22.61
Shandong,15,202309,2023,9,81.65395,115933.5,8129.91,0.859997,2.72,950.62,941.53,27.69,18.86
Shandong,15,202310,2023,10,77.2599,61184.75,8529.83,0.859457,2.99,962.41,986.86,23.44,13.02
Shandong,15,202311,2023,11,82.40612,6436,8541.29,0.857555,2.95,725.12,735.71,12.57,3.55
Shandong,15,202312,2023,12,91.83514,10063.5,8337.69,0.857075,3.46,666.29,676.52,4.69,-3.43
Shandong,15,202401,2024,1,90.55356,13582.3,7362.59,0.845108,2.88,227.13,228.09,4.79,-3.7
Shandong,15,202402,2024,2,77.56417,17182.7,7148.92,0.844974,3.47,919.7,933.37,6.04,-2.28
Shandong,15,202403,2024,3,81.05093,21010.5,7140.49,0.828101,2.9,806.2,814.16,14.8,4.8
Shandong,15,202404,2024,4,73.61631,23839.9,7925.72,0.819376,2.71,957.75,952.71,22.32,11.85
Shandong,15,202405,2024,5,74.3494,25983.6,8096.26,0.813344,2.77,1088.21,1093.13,26.95,16.06
Shandong,15,202406,2024,6,78.37646,27983.2,8233.54,0.816209,2.83,931.36,930.9,32.27,21.38
Shandong,15,202407,2024,7,76.86549,30362.3,8350.59,0.820498,2.89,1049.8,1052.92,30.84,23.96
Shandong,15,202408,2024,8,82.60222,34719.1,8421.49,0.829315,2.95,1227.75,1232.65,32.22,24.38
Shandong,15,202409,2024,9,75.83473,47118.1,8459.09,0.832383,3.01,865.62,869.86,27.99,19.51
Shandong,15,202410,2024,10,74.74397,26858.9,8496.68,0.83445,3.07,1049.34,1064.17,20.66,11.06
Shandong,15,202411,2024,11,78.32267,6599.7,8534.28,0.835379,3.13,791.63,805.57,14.74,6.34
Shandong,15,202412,2024,12,86.73962,10610.5,8571.87,0.83502,3.19,756.68,770.94,6.58,-2.51
Henan,16,201901,2019,1,40.8929,14263.7,4022.23,0.953554,1.62,795.96,943.74,6.15,-2.87
Henan,16,201902,2019,2,32.1916,18063.2,3903.17,0.937302,1.86,796.55,940.92,6.74,-1.17
Henan,16,201903,2019,3,33.05513,22067.8,3917.36,0.921049,2.1,748.12,863.29,17.59,5.68
Henan,16,201904,2019,4,32.27094,25715.1,4214.95,0.909608,1.91,699.73,785.7,21.7,10.51
Henan,16,201905,2019,5,33.82835,29388.8,4330.68,0.898232,2.14,651.39,708.2,27.9,16.46
Henan,16,201906,2019,6,35.44369,33126.9,4417,0.897859,2.09,603.14,630.85,32.31,22.53
Henan,16,201907,2019,7,41.83498,37528.8,4579.56,0.90602,1.97,555.01,553.67,33.5,24.63
Henan,16,201908,2019,8,39.7144,42191.9,4672.52,0.911254,1.78,507.03,476.72,31.17,23.2
Henan,16,201909,2019,9,34.41816,49317.7,4799.06,0.909358,1.9,459.24,400.05,28.13,18.27
Henan,16,201910,2019,10,30.42797,27387,5158.88,0.907205,2.2,411.65,323.7,21.21,12.58
Henan,16,201911,2019,11,35.01697,5456.3,5118.22,0.907837,2.06,364.3,247.72,15.3,6.4
Henan,16,201912,2019,12,39.46008,9417.4,4880.2,0.915468,2.04,317.22,172.14,9.4,0.15
Henan,16,202001,2020,1,31.6429,13274.3,3940.86,0.918364,1.88,855.04,661.69,6.14,-1.24
Henan,16,202002,2020,2,31.43423,17202.1,3734.42,0.918396,1.93,953.59,808.83,11.97,1.35
Henan,16,202003,2020,3,31.17874,21375.3,3764.67,0.905029,2.07,1045.67,948.82,17.57,6.05
Henan,16,202004,2020,4,32.83381,24954.2,4449.17,0.896297,2.28,1121.82,1069.97,21.48,8.95
Henan,16,202005,2020,5,35.86316,28310.8,4661.48,0.894979,2.25,1172.59,1160.61,29.75,17.08
Henan,16,202006,2020,6,36.03011,32151.3,4817.52,0.894994,0.61,1188.55,1209.03,30.59,21.47
Henan,16,202007,2020,7,37.71321,36334.1,4721.88,0.902007,1.91,1160.24,1203.57,29.27,22.33
Henan,16,202008,2020,8,40.74891,41171.7,4851.18,0.905638,1.98,1078.21,1132.53,30.84,23.44
Henan,16,202009,2020,9,38.78996,47749.5,5011.66,0.904147,2.11,933.02,984.22,28.1,17.83
Henan,16,202010,2020,10,37.25981,7713,5353.74,0.902436,2.37,715.21,746.97,19.27,10.54
Henan,16,202011,2020,11,41.03689,12467,5386.03,0.901214,2.16,485.16,488.37,14.44,5.44
Henan,16,202012,2020,12,45.87933,17061.5,5262.58,0.902805,2.48,459.29,454.28,6.76,-1.95
Henan,16,202101,2021,1,37.66867,21674.3,4497.84,0.895531,2.45,543.48,456.79,7.91,-2.44
Henan,16,202102,2021,2,45.8826,26473.4,4380.84,0.89545,2.79,581.64,627.37,13.8,2.53
Henan,16,202103,2021,3,28.31967,30803.6,4422.11,0.892776,2.3,579.7,645.34,14.93,6.04
Henan,16,202104,2021,4,35.50749,35099.9,4989.55,0.891895,2.59,670.14,662.52,19.16,9.86
Henan,16,202105,2021,5,34.56464,39792.6,5142.03,0.884845,2.47,796.33,796.51,26.81,16.13
Henan,16,202106,2021,6,33.36329,44671,5243.75,0.881675,0.82,709.97,717.08,32.56,22.19
Henan,16,202107,2021,7,35.10414,50141.6,5072.87,0.878437,2.01,679.01,692.45,31.28,23.58
Henan,16,202108,2021,8,33.53031,56880.3,5174.85,0.882553,2.05,265.95,263.85,29.15,21.66
Henan,16,202109,2021,9,32.00382,32711.2,5328.66,0.880413,2.19,631.13,617.67,27.1,18.54
Henan,16,202110,2021,10,29.53265,8542.1,5624.76,0.876381,1.91,831.26,857.05,19.2,10.59
Henan,16,202111,2021,11,29.93645,14074.5,5650.82,0.870777,2.51,512.43,517.64,15.6,4.31
Henan,16,202112,2021,12,31.16487,15326.3,5504.94,0.869966,2.61,639.83,625.03,10.05,-0.79
Henan,16,202201,2022,1,37.17887,18497.5,4868.98,0.87088,2.51,502.19,343.13,5.29,-1.71
Henan,16,202202,2022,2,34.49415,22445.4,4695.37,0.870891,2.79,689.16,867.07,8.13,-0.87
Henan,16,202203,2022,3,36.20718,25986.9,4673.23,0.843627,2.7,493.36,515.85,17.08,6.24
Henan,16,202204,2022,4,34.70356,29741.9,5212.52,0.825799,2.62,293.36,287.88,22.91,11.69
Henan,16,202205,2022,5,33.54245,34172.2,5333.39,0.819647,2.58,346.88,339.6,27.12,15.32
Henan,16,202206,2022,6,40.42965,38251.9,5440.89,0.827553,2.64,653.53,660.8,34.69,22.78
Henan,16,202207,2022,7,40.83818,41897.4,5425.13,0.840759,0.85,751.25,754.7,31.58,23.15
Henan,16,202208,2022,8,43.22894,46731.5,5539.28,0.848847,2.06,733.43,729.51,31.51,23.99
Henan,16,202209,2022,9,36.3122,27034.15,5674.54,0.849623,2.46,666.35,659.39,28.77,17.69
Henan,16,202210,2022,10,33.52812,7336.8,5685.86,0.847396,2.23,426.21,451.13,20.19,10.01
Henan,16,202211,2022,11,32.12727,11237.7,5690.61,0.846815,2.32,243.8,247.95,14.87,6.84
Henan,16,202212,2022,12,40.71128,14756.6,5553.4,0.848702,2.5,446.3,391.36,6.98,-2.55
Henan,16,202301,2023,1,42.51207,18421.7,5078.42,0.844357,2.93,1154.93,1075.14,7.95,-2.14
Henan,16,202302,2023,2,37.40923,22254.2,4932,0.844308,2.59,767.07,923.64,9.05,0.55
Henan,16,202303,2023,3,36.67394,25914.6,4928.45,0.828947,2.66,805.75,815.33,17.84,6.39
Henan,16,202304,2023,4,32.4887,29722.9,5320.03,0.812551,2.57,989.8,960.57,20.44,10.39
Henan,16,202305,2023,5,32.99907,33907,5436.29,0.80478,2.7,945.32,958,25.14,16.15
Henan,16,202306,2023,6,35.70355,38323,5528.7,0.80732,0.81,858.96,869.64,31.19,20.68
Henan,16,202307,2023,7,40.92886,42870.6,5472.3,0.819729,2.51,914.87,926.33,33.17,24.12
Henan,16,202308,2023,8,39.38651,47625.6,5571.71,0.832212,2.49,1011.17,1003.54,31.59,22.51
Henan,16,202309,2023,9,34.98808,26771.9,5702.57,0.837513,2.33,909.05,868.17,27.16,18.67
Henan,16,202310,2023,10,29.70868,5918.2,5478.35,0.835911,2.72,896.73,952.28,23.77,12.53
Henan,16,202311,2023,11,33.09229,9235.7,5485.71,0.832241,2.63,696.71,695.78,14.97,4.42
Henan,16,202312,2023,12,40.03493,12545,5354.94,0.835645,3.18,654.7,638.84,7.12,-1.99
Henan,16,202401,2024,1,41.76756,15924.2,5020.72,0.851435,2.57,299.64,227.16,6.92,-2.17
Henan,16,202402,2024,2,35.50538,19713.1,4875.02,0.851613,3.32,1062.2,1136.18,7.41,-0.71
Henan,16,202403,2024,3,36.00107,23087.5,4869.27,0.828054,2.8,789.82,841,16.89,6.41
Henan,16,202404,2024,4,31.79895,26707.3,5303,0.817059,2.67,952.08,934.48,23.12,12.76
Henan,16,202405,2024,5,33.8333,30545,5417.11,0.815463,2.63,1032.55,1026.38,28.97,17.2
Henan,16,202406,2024,6,36.2422,34365.2,5508.96,0.820009,2.59,876.09,888.95,33.28,22.11
Henan,16,202407,2024,7,36.44601,38452,5554.84,0.823451,2.55,900.15,911.61,31.32,24.09
Henan,16,202408,2024,8,40.54095,43126,5602,0.833399,2.51,1054.46,1039.66,32.88,24.06
Henan,16,202409,2024,9,34.63859,24568.85,5627.01,0.82945,2.47,826.17,813.79,28.43,19.84
Henan,16,202410,2024,10,32.38562,6011.7,5652.02,0.827232,2.43,995.66,1023.8,21.66,11.68
Henan,16,202411,2024,11,33.19774,9681.7,5677.03,0.824415,2.39,763.08,760.23,15.68,7.22
Henan,16,202412,2024,12,38.8798,13117.8,5702.04,0.826309,2.35,743.08,723.3,8.31,-1.19
Hubei,17,201901,2019,1,30.00072,16689.2,3148.25,0.626023,1.19,544.56,603.56,7.6,1.31
Hubei,17,201902,2019,2,22.99879,20618.6,3055.07,0.607576,1.79,544.1,601.57,7.26,2.04
Hubei,17,201903,2019,3,30.21236,24311.8,3066.18,0.58913,2.39,512.28,557.18,17.61,7.95
Hubei,17,201904,2019,4,30.43357,28092.9,3464.73,0.560525,2.36,480.47,512.82,23.45,13
Hubei,17,201905,2019,5,33.69289,32182.8,3559.86,0.531925,2.41,448.7,468.51,26.1,17.14
Hubei,17,201906,2019,6,33.47917,36151.7,3630.81,0.513292,2.49,416.99,424.28,29.9,22.23
Hubei,17,201907,2019,7,35.87246,40327.9,3577.37,0.499539,2.36,385.36,380.16,32.81,24.78
Hubei,17,201908,2019,8,36.99931,44812.6,3649.98,0.495753,2.28,353.83,336.16,34.6,25.49
Hubei,17,201909,2019,9,35.3055,23905.9,3748.84,0.497608,2.51,322.41,292.32,30.44,20.6
Hubei,17,201910,2019,10,27.96855,2999.2,4357.28,0.488516,2.65,291.12,248.66,23.37,14.97
Hubei,17,201911,2019,11,32.75729,5246.8,4322.94,0.492715,2.58,259.99,205.21,17.32,9.19
Hubei,17,201912,2019,12,37.27838,8548.4,4121.91,0.506422,2.56,229.03,161.99,12.14,4.04
Hubei,17,202001,2020,1,21.78361,12063.6,2184.17,0.538062,2.23,498.15,404.38,7.83,2.11
Hubei,17,202002,2020,2,20.49196,15957.9,2069.75,0.538417,2.53,560.36,487.32,13.92,4.9
Hubei,17,202003,2020,3,19.90932,19649.7,2086.52,0.481538,2.29,618.48,565.91,18.06,8.86
Hubei,17,202004,2020,4,33.44777,23614.3,3037.03,0.476171,2.68,666.5,633.25,22.24,11.32
Hubei,17,202005,2020,5,39.506,27867.5,3181.96,0.483753,2.67,698.43,682.41,28.55,18.34
Hubei,17,202006,2020,6,37.39868,32115.8,3288.47,0.462618,2.44,708.28,706.48,29.49,22.79
Hubei,17,202007,2020,7,36.1853,36467,3526.24,0.419468,2.25,690.04,698.55,29.09,23.33
Hubei,17,202008,2020,8,40.84977,41251.3,3622.8,0.407443,2.58,637.72,651.71,33.54,25.31
Hubei,17,202009,2020,9,39.24045,6359.7,3742.64,0.395615,1.51,545.31,559.03,26.19,18.63
Hubei,17,202010,2020,10,36.90283,10223.4,4229.04,0.383533,2.54,406.84,413.61,19.56,12.68
Hubei,17,202011,2020,11,41.4798,14113.4,4254.55,0.395533,2.64,262.69,258.62,16.27,8.31
Hubei,17,202012,2020,12,46.39051,17860.2,4157.04,0.418424,2.93,256.19,248.88,8.35,1.65
Hubei,17,202101,2021,1,33.28479,22037.8,3337.1,0.602938,3.19,305.28,271.38,9.62,1.28
Hubei,17,202102,2021,2,39.56932,25881.8,3250.3,0.605011,3.11,367.27,375.62,15.2,5.91
Hubei,17,202103,2021,3,22.90598,29758.3,3280.92,0.610384,2.51,312.01,327.31,15.69,8.62
Hubei,17,202104,2021,4,35.75082,34006.7,3928.74,0.570179,2.34,373.57,365.06,19.05,12.08
Hubei,17,202105,2021,5,37.74473,38615.4,4048.8,0.530076,2.72,438.85,438,25.44,17.42
Hubei,17,202106,2021,6,38.41698,43657.9,4128.9,0.532701,2.69,381.93,375.48,30.48,22.2
Hubei,17,202107,2021,7,39.12922,49627.2,4002.81,0.498529,2.55,409.26,405.03,31.62,24.41
Hubei,17,202108,2021,8,35.12322,28603.15,4083.28,0.479215,2.2,229.23,224.1,30.11,23.31
Hubei,17,202109,2021,9,34.44745,7579.1,4204.64,0.454187,2.89,389.55,373.16,30.85,21.17
Hubei,17,202110,2021,10,33.68438,11772.1,4777.09,0.443735,2.67,512.71,515.94,21.01,13.53
Hubei,17,202111,2021,11,31.99948,15881.7,4799.23,0.450652,3.15,372.18,363.09,17.36,7.01
Hubei,17,202112,2021,12,32.51265,19309,4675.33,0.465483,3.38,395.16,381.89,12.13,2.68
Hubei,17,202201,2022,1,36.3025,21607,3697.27,0.629688,3.25,555.58,460.88,7.66,1.66
Hubei,17,202202,2022,2,27.35101,25123.8,3565.44,0.631533,3.44,496.3,572.59,8.41,1.64
Hubei,17,202203,2022,3,36.36989,28834.3,3548.62,0.58558,3.4,296.51,295.18,18.75,9.08
Hubei,17,202204,2022,4,34.69362,32874.2,4152.57,0.533714,3.43,321.33,311.84,23.23,13.18
Hubei,17,202205,2022,5,35.20591,36754.8,4248.86,0.471099,3.42,407.03,401.28,25.75,16.4
Hubei,17,202206,2022,6,39.77397,40706.5,4334.5,0.464229,3,485.65,482.89,31.85,22.91
Hubei,17,202207,2022,7,42.08193,45806.6,4303.25,0.476993,0.89,568.86,559.6,33.36,24.73
Hubei,17,202208,2022,8,43.38437,26214.45,4393.8,0.494719,2.72,538.78,526.85,34.94,25.8
Hubei,17,202209,2022,9,41.38734,6622.3,4501.09,0.510393,3.27,400.35,388.47,29.7,19.85
Hubei,17,202210,2022,10,40.51534,10524.9,4980.52,0.512891,3.21,368.51,373.85,22.11,12.84
Hubei,17,202211,2022,11,39.66519,13972.6,4984.68,0.520453,3.21,220.73,212.3,18.24,10.12
Hubei,17,202212,2022,12,42.1158,17452.1,4864.49,0.532882,3.37,309.45,292.16,9.45,0.92
Hubei,17,202301,2023,1,36.26994,21456.2,4037.22,0.660486,3.6,786.92,732.34,10.55,1.59
Hubei,17,202302,2023,2,29.13305,25131.5,3920.83,0.66192,3.19,483.89,529.73,10.23,4.01
Hubei,17,202303,2023,3,39.76363,28778,3918,0.651631,3.45,505.42,496,17.7,8.06
Hubei,17,202304,2023,4,37.18564,32952.7,4459.51,0.628387,3.37,611.54,594.32,22.04,12.62
Hubei,17,202305,2023,5,36.95263,36841.8,4556.96,0.599689,3.14,579.64,582.81,25.54,17.76
Hubei,17,202306,2023,6,36.54679,40312.5,4634.43,0.567404,3.35,533.05,530.55,29.13,21.45
Hubei,17,202307,2023,7,38.98824,44992.6,4608.02,0.550205,3.08,595.79,592.52,32.42,24.92
Hubei,17,202308,2023,8,39.27561,24679.35,4691.73,0.529337,3.45,648.07,631.1,32.81,23.7
Hubei,17,202309,2023,9,37.54707,4366.1,4801.93,0.513654,3.05,542.97,522.28,27.89,20.65
Hubei,17,202310,2023,10,35.13004,6987.3,5170.02,0.492802,3.55,559.2,570.07,23.26,14.37
Hubei,17,202311,2023,11,36.7352,9507.6,5176.97,0.490997,3.5,416.56,408.13,17.01,7.67
Hubei,17,202312,2023,12,37.78136,12162.4,5053.56,0.496282,3.27,424.58,413.54,10,2.34
Hubei,17,202401,2024,1,33.24728,14911.3,4227.74,0.581118,3.14,184.47,149.61,9.15,1.51
Hubei,17,202402,2024,2,28.35531,17826.8,4105.05,0.582071,4.06,698.69,704.9,8.29,1.81
Hubei,17,202403,2024,3,36.36108,20684.2,4100.21,0.559848,3.57,467.13,470.95,17.91,8.93
Hubei,17,202404,2024,4,33.82705,23966.4,4643.33,0.531247,3.47,553.68,544.35,22.78,14.94
Hubei,17,202405,2024,5,35.93732,27351.8,4743.24,0.506024,3.56,597.1,594.32,27.36,18.07
Hubei,17,202406,2024,6,36.94417,31006.1,4823.67,0.503558,3.65,521.19,515.64,29.2,21.87
Hubei,17,202407,2024,7,34.17079,35158.7,4832.44,0.46784,3.74,574.22,572.41,32.71,25.77
Hubei,17,202408,2024,8,37.96935,19919.45,4873.47,0.466901,3.83,628.46,609.65,34.76,25.4
Hubei,17,202409,2024,9,39.16026,4680.2,4895.23,0.483018,3.92,481.65,470.34,31.94,22.18
Hubei,17,202410,2024,10,37.75043,7507.5,4916.98,0.491607,4.01,607.75,609.58,22.83,13.91
Hubei,17,202411,2024,11,36.70692,10163.8,4938.74,0.50005,4.1,450.49,442.06,17.69,9.44
Hubei,17,202412,2024,12,40.19366,12935,4960.5,0.511858,4.19,441.46,430.32,10.29,2.26
Hunan,18,201901,2019,1,14.47306,16073.1,2880.4,0.698081,0.51,601.54,702.75,8.19,2.91
Hunan,18,201902,2019,2,11.13012,19017.4,2795.14,0.649123,1.4,602.11,700.65,8.14,3.55
Hunan,18,201903,2019,3,12.85554,21991.1,2805.31,0.600164,2.29,568.32,644.56,17.39,9.44
Hunan,18,201904,2019,4,11.87492,25073.9,3097.09,0.570147,2.32,534.55,588.5,23.26,14.54
Hunan,18,201905,2019,5,11.64821,28512.3,3182.12,0.530212,2.3,500.82,532.5,25.22,17.9
Hunan,18,201906,2019,6,13.61674,32310.2,3245.55,0.515449,2.24,467.15,476.6,29.71,23.02
Hunan,18,201907,2019,7,14.55156,36648.1,3280.95,0.517955,2.31,433.57,420.84,31.97,24.94
Hunan,18,201908,2019,8,18.07212,20332.75,3347.54,0.547151,2.2,400.09,365.24,34.33,25.65
Hunan,18,201909,2019,9,17.03998,4017.4,3438.21,0.568182,2.53,366.74,309.84,31.44,21.36
Hunan,18,201910,2019,10,15.6299,6802.1,3779.57,0.582306,2.56,333.53,254.67,23.93,15.88
Hunan,18,201911,2019,11,16.70606,9633.4,3749.78,0.59414,2.45,300.5,199.77,18.47,10.48
Hunan,18,201912,2019,12,17.58725,12472.4,3575.4,0.600266,2.34,267.65,145.16,13.63,5.59
Hunan,18,202001,2020,1,12.18944,15814.2,3021.46,0.582976,2.15,658.98,493.26,9.59,3.68
Hunan,18,202002,2020,2,11.78269,18425.5,2863.17,0.582781,2.12,728.13,599.34,14.76,7.25
Hunan,18,202003,2020,3,12.43034,21467.2,2886.37,0.545207,2.18,792.16,699.85,17.77,10.67
Hunan,18,202004,2020,4,13.64653,24994,3305.61,0.540133,2.51,843.84,785.97,22.02,12.28
Hunan,18,202005,2020,5,15.04155,28655.4,3463.35,0.541013,2.37,875.97,848.86,28.75,19.68
Hunan,18,202006,2020,6,14.14729,32554.3,3579.28,0.527774,2.18,881.33,879.68,30.48,24.02
Hunan,18,202007,2020,7,15.65619,37217.5,3526.38,0.529938,2.4,852.71,869.59,31.89,25.11
Hunan,18,202008,2020,8,18.5597,5016.3,3622.94,0.54973,2.59,782.9,809.77,33.92,25.31
Hunan,18,202009,2020,9,17.01155,8419.8,3742.79,0.544867,1,664.67,691.37,25.02,19.67
Hunan,18,202010,2020,10,17.53514,11634.7,4067.26,0.535406,2.18,490.83,505.56,20.14,14.16
Hunan,18,202011,2020,11,21.29047,14919.8,4091.79,0.54766,2.4,310.34,306.32,17.31,10.31
Hunan,18,202012,2020,12,23.33869,18629.2,3998,0.568908,2.09,296.61,287.75,8.79,3.52
Hunan,18,202101,2021,1,17.21712,21914.1,3455.86,0.674132,2.41,392.22,328.59,11.1,3.16
Hunan,18,202102,2021,2,19.95466,25236,3365.96,0.675314,2.52,479.91,499.43,15.74,8.18
Hunan,18,202103,2021,3,12.45418,29104.7,3397.67,0.632648,1.77,358.54,376.85,16.46,10.64
Hunan,18,202104,2021,4,16.74899,33127.8,3737.08,0.60882,1.53,427.64,421.64,18.23,13.42
Hunan,18,202105,2021,5,16.41184,37633,3851.28,0.568954,2.46,475.98,471.83,25.64,18.97
Hunan,18,202106,2021,6,15.87224,43255.4,3927.47,0.566789,2.46,424.35,413.58,31.12,23.17
Hunan,18,202107,2021,7,17.10036,24576.55,3828.9,0.575,2.71,457,451.72,33.77,25.52
Hunan,18,202108,2021,8,18.39015,5897.7,3905.87,0.583044,2.24,280.02,271.43,32.34,24.58
Hunan,18,202109,2021,9,17.61508,9877.4,4021.96,0.591099,2.52,454.73,437.18,33.32,23.45
Hunan,18,202110,2021,10,16.79606,12476.7,4399.82,0.595084,2.14,536.79,549.15,21.22,14.98
Hunan,18,202111,2021,11,16.64223,14478.1,4420.2,0.600531,2.59,401.24,397.28,17.47,9.06
Hunan,18,202112,2021,12,16.12027,17774.9,4306.09,0.612806,2.85,424.27,408.97,13.01,4.5
Hunan,18,202201,2022,1,17.59893,20814.4,3784.01,0.656308,2.11,702.46,520.06,8.01,3.52
Hunan,18,202202,2022,2,14.30313,23979.2,3649.09,0.656797,2.65,613.48,726.86,7.33,2.62
Hunan,18,202203,2022,3,17.80782,27591.9,3631.88,0.61475,2.83,314.42,314.36,19.6,11.03
Hunan,18,202204,2022,4,15.4192,30691.1,3886.6,0.572173,2.94,289.6,278.65,23.37,13.82
Hunan,18,202205,2022,5,15.78192,34755.2,3976.72,0.541056,2.67,440.32,436.08,24.43,16.78
Hunan,18,202206,2022,6,16.74627,39225.4,4056.87,0.52242,2.46,536.76,534.41,30.72,23.15
Hunan,18,202207,2022,7,19.03789,22271.15,4076.43,0.538606,0.05,622.81,608.85,34.08,25.27
Hunan,18,202208,2022,8,21.71289,5316.9,4162.2,0.567046,2.22,642.11,620.91,35.97,26.32
Hunan,18,202209,2022,9,20.56432,8487.4,4263.84,0.585286,2.78,520.2,501.77,32.11,21.68
Hunan,18,202210,2022,10,17.95523,11367.9,4511.06,0.590057,2.7,472.26,485.19,24.41,14.89
Hunan,18,202211,2022,11,18.65721,14331.7,4514.83,0.597795,2.21,271.56,263.69,20.2,12.48
Hunan,18,202212,2022,12,20.71161,17565.4,4405.97,0.613924,2.74,344.72,314.21,10.1,2.9
Hunan,18,202301,2023,1,18.93997,20519.9,3955.8,0.710568,2.71,977.27,836.11,11.91,3.99
Hunan,18,202302,2023,2,16.2601,23700.5,3841.75,0.711654,2.45,527.14,597.34,10.69,5.42
Hunan,18,202303,2023,3,20.6967,27459.4,3838.98,0.71467,2.23,536.24,522.97,17.96,10.13
Hunan,18,202304,2023,4,16.75495,31096.2,4075.7,0.672982,2.68,651.31,625.62,22.77,14.61
Hunan,18,202305,2023,5,17.89056,35299.8,4164.77,0.665603,2.64,609.52,615.58,26.64,19.08
Hunan,18,202306,2023,6,18.05457,39779.3,4235.57,0.65465,2.75,581.4,578.15,29.86,22.6
Hunan,18,202307,2023,7,20.39195,28893.5,4231.83,0.659438,2.67,659.84,658.6,33.86,25.85
Hunan,18,202308,2023,8,19.9424,18007.7,4308.7,0.664581,2.93,727.2,697.29,33.02,24.4
Hunan,18,202309,2023,9,17.52051,29323.5,4409.9,0.661711,2.33,614.39,570.98,28.89,21.92
Hunan,18,202310,2023,10,15.4286,40584.3,4633.51,0.654447,3.11,608.86,644.21,23.92,16.08
Hunan,18,202311,2023,11,16.11971,51906.2,4639.73,0.650117,3.05,459.97,450.96,19.19,10.09
Hunan,18,202312,2023,12,19.95663,64488.3,4529.13,0.660786,2.16,476.79,461.14,12.38,4.55
Hunan,18,202401,2024,1,18.17117,75995.8,4059.42,0.668817,2.23,226,157.31,10.15,4.25
Hunan,18,202402,2024,2,15.29057,88214.6,3941.62,0.668908,2.87,916.28,884.19,9.25,3.52
Hunan,18,202403,2024,3,16.97151,101708.5,3936.97,0.637698,2.64,509.02,511.67,18.49,10.66
Hunan,18,202404,2024,4,14.20558,114306.8,4167.73,0.588698,2.31,596.28,587.96,23.09,16.76
Hunan,18,202405,2024,5,15.06994,127446.4,4257.4,0.553076,2.94,636.14,632.94,26.43,18.88
Hunan,18,202406,2024,6,14.68736,142254.8,4329.59,0.520127,3.57,575.01,570.08,28,22.39
Hunan,18,202407,2024,7,17.09573,80384.85,4396.7,0.528371,4.2,650.4,652.89,34.36,26.17
Hunan,18,202408,2024,8,18.52134,18514.9,4434.03,0.546495,4.83,716.05,686.67,34.07,25.41
Hunan,18,202409,2024,9,21.17548,31459.9,4453.83,0.565055,5.46,550.7,530.37,31.81,23.15
Hunan,18,202410,2024,10,16.40598,42298.6,4473.62,0.567538,6.09,669.48,678.18,23.04,15.29
Hunan,18,202411,2024,11,18.39938,54017.5,4493.42,0.57981,6.72,498.97,490.68,19.09,11.31
Hunan,18,202412,2024,12,20.26741,66827.1,4513.21,0.588055,7.35,481.91,468.35,11.53,4.39
Guangdong,19,201901,2019,1,29.17155,78536,8254.79,0.674792,3.57,1841.04,1457.92,19.37,11.75
Guangdong,19,201902,2019,2,22.43934,90798.4,8010.46,0.683107,3.55,1836.16,1462.12,21.56,14.73
Guangdong,19,201903,2019,3,32.32303,104565.9,8039.59,0.691422,3.53,1686.43,1384.11,22.65,16.14
Guangdong,19,201904,2019,4,32.36134,117209.1,8794.49,0.691786,3.33,1536.79,1306.16,27.27,20.54
Guangdong,19,201905,2019,5,33.49583,130945,9035.95,0.693679,3.14,1387.33,1228.3,28.53,22.35
Guangdong,19,201906,2019,6,37.40785,146710.4,9216.06,0.701515,3.75,1238.13,1150.6,31.96,25.49
Guangdong,19,201907,2019,7,38.1213,80649.5,9051.14,0.705654,3.61,1089.29,1073.1,32.99,26.15
Guangdong,19,201908,2019,8,36.86059,14588.6,9234.85,0.706557,3.74,940.89,995.85,32.95,25.74
Guangdong,19,201909,2019,9,37.22023,26071.7,9484.96,0.707729,4.05,793.03,918.9,32.66,23.81
Guangdong,19,201910,2019,10,36.44417,37627,10237.19,0.711223,4.11,645.78,842.3,29.69,21.36
Guangdong,19,201911,2019,11,35.11531,48829.6,10156.5,0.708498,4.35,499.25,766.11,25.72,16.36
Guangdong,19,201912,2019,12,36.5779,62132,9684.2,0.707953,4.12,353.51,690.37,21.82,12.53
Guangdong,19,202001,2020,1,22.60251,75126,7709.98,0.652108,4.21,1352.73,1878.03,20.83,12.6
Guangdong,19,202002,2020,2,21.77729,88552.7,7306.09,0.65148,4.18,1638.2,2046.24,21.26,13
Guangdong,19,202003,2020,3,28.33471,103452,7365.26,0.657366,3.32,1909.93,2201.95,23.77,17.29
Guangdong,19,202004,2020,4,31.5576,117015.4,8553.86,0.662316,4.05,2145.39,2327.69,24.41,16.73
Guangdong,19,202005,2020,5,37.94983,132343.7,8962.05,0.680238,3.77,2322.06,2405.96,31.58,23.98
Guangdong,19,202006,2020,6,36.49669,149465,9262.04,0.686207,4.43,2417.41,2419.3,32.55,25.72
Guangdong,19,202007,2020,7,41.86761,22033.5,9283.15,0.701581,4.64,2408.93,2350.22,33.96,26.72
Guangdong,19,202008,2020,8,39.44341,36225.1,9537.36,0.70878,4.45,2274.09,2181.25,32.83,25.33
Guangdong,19,202009,2020,9,39.66424,50100.3,9852.85,0.712098,3.7,1990.36,1894.9,31.05,24.16
Guangdong,19,202010,2020,10,36.74713,63899,10782.12,0.71287,4.31,1535.22,1473.69,27.19,20.13
Guangdong,19,202011,2020,11,40.68761,79120.7,10847.16,0.713192,4.29,1046.74,1040.35,25.64,17.53
Guangdong,19,202012,2020,12,42.03682,93063.8,10598.54,0.713767,3.53,1022.09,1028.56,18.82,11.09
Guangdong,19,202101,2021,1,35.38947,107574.8,9166.26,0.720131,4.59,1053.9,1236.31,18.73,9.25
Guangdong,19,202102,2021,2,37.51613,123575.9,8927.82,0.720203,5.31,1296.05,1211.2,23.42,13.59
Guangdong,19,202103,2021,3,26.19861,138161.5,9011.93,0.735453,4.37,1279.94,1170.33,24.22,17.3
Guangdong,19,202104,2021,4,39.21926,154527.3,9870.5,0.746985,4.69,1385.57,1382.48,26.31,19.83
Guangdong,19,202105,2021,5,40.28969,173347.7,10172.14,0.759122,4.95,1475.35,1467.42,32.06,24.41
Guangdong,19,202106,2021,6,45.63637,98837.9,10373.38,0.757877,4.65,855.46,872.44,31.8,25.07
Guangdong,19,202107,2021,7,41.4073,24328.1,10143.14,0.758123,5.03,1342.33,1355.17,33.56,25.77
Guangdong,19,202108,2021,8,41.95876,40253.3,10347.04,0.759893,4.54,1257.45,1268.04,32.58,25.25
Guangdong,19,202109,2021,9,41.62334,54975.7,10654.58,0.761886,4.95,1472,1506.39,33.78,25.05
Guangdong,19,202110,2021,10,37.24722,69836.9,11879.44,0.758768,4.99,1857.59,1808.12,27.31,20.49
Guangdong,19,202111,2021,11,34.70403,86773.1,11934.49,0.757289,5.08,1613.49,1609.39,23.88,15.14
Guangdong,19,202112,2021,12,34.47636,101713.7,11626.38,0.756934,5.37,1475.31,1493.99,20.08,11.18
Guangdong,19,202201,2022,1,39.45929,116929.8,9752.06,0.721425,4.83,1490.33,2010.44,18.71,11.89
Guangdong,19,202202,2022,2,26.91181,133808.6,9404.33,0.721026,4.66,1757.98,1297.8,15.26,9.43
Guangdong,19,202203,2022,3,40.04214,148599.7,9359.99,0.717507,5.34,1131.92,1101.35,25,16.44
Guangdong,19,202204,2022,4,40.84185,164745.5,10086.78,0.725082,5.47,1313.36,1323.99,26.63,17.96
Guangdong,19,202205,2022,5,37.41931,183062.6,10320.68,0.716577,4.94,1585.23,1578.48,27.35,20.9
Guangdong,19,202206,2022,6,37.27995,103141.3,10528.69,0.713451,4.84,1753.62,1754.07,31.17,24.81
Guangdong,19,202207,2022,7,43.95845,23220,10582.25,0.722024,0.07,1879.35,1904.65,33.88,25.98
Guangdong,19,202208,2022,8,47.11926,39604.4,10804.91,0.732845,4.65,1997.57,2019.61,32.83,25.29
Guangdong,19,202209,2022,9,46.50504,54222,11068.76,0.739958,5.1,1672,1698.24,33.3,24.54
Guangdong,19,202210,2022,10,38.21172,69296.2,11967.61,0.735752,5.47,1869.7,1816.1,29.72,20.29
Guangdong,19,202211,2022,11,39.249,86320.9,11977.61,0.732407,3.9,1150.03,1159.18,25.09,18.9
Guangdong,19,202212,2022,12,39.5717,101729.8,11688.8,0.727721,5.35,1211.94,1278.72,17.61,9.33
Guangdong,19,202301,2023,1,33.27558,117593.5,10238.26,0.664333,5.01,2151.5,2452.1,18.1,10.88
Guangdong,19,202302,2023,2,29.27329,135023.3,9943.08,0.663621,5.51,2109.22,1782.99,21.61,13.37
Guangdong,19,202303,2023,3,43.28405,151021.9,9935.91,0.686061,4.34,2042.03,2043.79,23.55,15.59
Guangdong,19,202304,2023,4,40.10521,168320.2,10683.88,0.695862,4.55,2218.67,2265.3,25.31,19.26
Guangdong,19,202305,2023,5,43.23864,187936.7,10917.35,0.704877,4.82,2188.22,2153.56,29.34,22.86
Guangdong,19,202306,2023,6,45.50526,95289.9,11102.94,0.716648,5.16,2005.34,2004.68,31.76,25.2
Guangdong,19,202307,2023,7,46.70111,2643.1,11012.4,0.73394,5.4,2304.34,2316.08,33.34,26.09
Guangdong,19,202308,2023,8,45.95314,4256.1,11212.44,0.739442,4.8,2384.74,2439.4,32.41,25.47
Guangdong,19,202309,2023,9,41.14259,5737.7,11475.79,0.740058,5.29,1952.97,2057.35,30.93,24.61
Guangdong,19,202310,2023,10,40.28958,7259.5,12569.57,0.737496,5.39,2138.02,2012.98,27.62,21.14
Guangdong,19,202311,2023,11,41.5891,8670.8,12586.46,0.736649,5.88,1737.17,1742.19,24.98,16.36
Guangdong,19,202312,2023,12,42.56782,9722.3,12286.43,0.735734,4.68,1799.68,1823.76,19.71,11.91
Guangdong,19,202401,2024,1,37.2361,10783.5,10715.06,0.684639,5.66,500.08,682.18,18.79,11.31
Guangdong,19,202402,2024,2,31.35565,12144.2,10404.11,0.684065,4.96,2288.21,2189.45,19.59,12.5
Guangdong,19,202403,2024,3,41.74326,13582.5,10391.83,0.694268,4.01,1874.15,1811.67,22.44,15.9
Guangdong,19,202404,2024,4,39.25767,15120.1,11078.22,0.702741,4.42,1995.06,1997.6,27.48,21.74
Guangdong,19,202405,2024,5,39.62101,16886.1,11316.58,0.703263,5.42,2095.75,2094.17,27.95,21.99
Guangdong,19,202406,2024,6,40.12782,9607.9,11508.48,0.704026,6.42,1965.34,1972.11,30.74,25.23
Guangdong,19,202407,2024,7,44.04684,2329.7,11594.03,0.707179,7.42,2262.88,2271.94,32.95,26.16
Guangdong,19,202408,2024,8,44.00912,3908.7,11692.47,0.710516,8.42,2318.66,2386.31,33.1,25.79
Guangdong,19,202409,2024,9,44.17144,5174.9,11744.66,0.715153,9.42,1892.08,1928.04,32,24.73
Guangdong,19,202410,2024,10,40.14153,6530.2,11796.86,0.711672,10.42,2288.36,2242.62,28.77,20.99
Guangdong,19,202411,2024,11,40.04146,7927,11849.06,0.708709,11.42,1861.74,1865.18,24.32,17.41
Guangdong,19,202412,2024,12,41.37984,9290.8,11901.26,0.707,12.42,1875.52,1897.61,19.79,11.28
Guangxi,20,201901,2019,1,13.75713,10647.1,1460.19,0.598057,1.29,461.28,530.81,14.64,8.92
Guangxi,20,201902,2019,2,10.54799,12233.6,1416.97,0.566476,1.41,461.52,529.11,17.19,10.88
Guangxi,20,201903,2019,3,13.3514,13804.4,1422.12,0.534895,1.53,434.99,485.68,21.03,14.08
Guangxi,20,201904,2019,4,12.16773,15470.8,1551.09,0.52689,1.53,408.49,442.28,27.36,19.74
Guangxi,20,201905,2019,5,13.23703,17432.2,1593.67,0.550211,1.35,382.01,398.93,28.13,21.49
Guangxi,20,201906,2019,6,13.31099,9667.95,1625.44,0.543664,1.82,355.58,355.66,31.19,24.87
Guangxi,20,201907,2019,7,11.61084,1903.7,1552.47,0.524013,1.69,329.22,312.49,31.85,25.02
Guangxi,20,201908,2019,8,12.38552,3348.5,1583.98,0.522504,1.81,302.95,269.45,33.01,25.03
Guangxi,20,201909,2019,9,13.88782,4693,1626.88,0.534156,2.03,276.77,226.56,32.25,22.62
Guangxi,20,201910,2019,10,14.4616,6168.9,2019.19,0.549473,2.04,250.7,183.85,27.26,19.43
Guangxi,20,201911,2019,11,15.82993,7707.5,2003.28,0.56024,2.14,224.77,141.34,23.14,14.66
Guangxi,20,201912,2019,12,18.41126,9191.7,1910.12,0.564676,2.09,198.98,99.07,18.97,10.24
Guangxi,20,202001,2020,1,12.94546,10731.8,1599.21,0.638218,1.75,485.25,359.99,17.74,10.65
Guangxi,20,202002,2020,2,12.35461,12468.5,1515.44,0.639044,1.84,538.93,441.88,19.18,12.11
Guangxi,20,202003,2020,3,14.15911,14107.9,1527.71,0.60447,1.15,588.79,519.6,22.1,15.55
Guangxi,20,202004,2020,4,14.10872,15739.1,1773.18,0.597811,1.84,629.38,586.48,23.07,15.56
Guangxi,20,202005,2020,5,16.08407,17666.5,1857.8,0.611224,1.99,655.28,635.83,31.53,23.24
Guangxi,20,202006,2020,6,13.94155,2911.9,1919.98,0.587599,1.94,661.03,660.95,31.86,25.2
Guangxi,20,202007,2020,7,13.45856,4820.9,1894.48,0.56912,2.08,641.2,655.16,33.06,25.91
Guangxi,20,202008,2020,8,15.26754,6631.9,1946.36,0.572903,2.19,590.33,611.77,32.21,24.51
Guangxi,20,202009,2020,9,16.97569,8468.6,2010.74,0.570367,1.51,503,524.1,29.29,22.68
Guangxi,20,202010,2020,10,16.69656,10324.5,2156.86,0.562825,2.35,373.76,385.45,24.24,17.87
Guangxi,20,202011,2020,11,18.92543,12121.3,2169.87,0.559186,2.24,240.88,237.98,22.58,15.12
Guangxi,20,202012,2020,12,22.80041,13890.7,2120.14,0.563393,1.44,239.1,232.48,15.04,8.31
Guangxi,20,202101,2021,1,21.0497,15763.3,1867.56,0.62875,2.23,281.45,242.7,16.06,8.18
Guangxi,20,202102,2021,2,21.82399,17618.2,1818.98,0.629485,2.4,347.23,358.26,21.34,13.1
Guangxi,20,202103,2021,3,15.06485,19703.3,1836.11,0.61575,1.65,276.51,291.04,21.66,16.1
Guangxi,20,202104,2021,4,20.95563,22083.4,2033.05,0.61354,1.24,380.48,387.33,23.49,18.16
Guangxi,20,202105,2021,5,19.35781,12660.35,2095.18,0.59758,2.27,343.54,345.27,30.17,22.91
Guangxi,20,202106,2021,6,20.29153,3237.3,2136.63,0.591998,2.19,277.95,275.29,31.78,24.44
Guangxi,20,202107,2021,7,19.81745,5361.5,2079.91,0.588485,2.36,343.82,342.89,33.68,25.48
Guangxi,20,202108,2021,8,18.70493,7255.9,2121.72,0.589886,1.5,306.11,299.95,33.09,25.16
Guangxi,20,202109,2021,9,18.41967,9189.7,2184.79,0.594474,2.19,332.55,325.42,33.32,24.21
Guangxi,20,202110,2021,10,16.65342,11144.8,2363.18,0.593115,2.49,420.49,427.9,25.12,18.45
Guangxi,20,202111,2021,11,17.30448,12964.7,2374.13,0.591818,2.19,321.63,317.37,21.04,13.63
Guangxi,20,202112,2021,12,18.47203,14604,2312.84,0.590283,2.2,291.77,285.48,18.32,9.22
Guangxi,20,202201,2022,1,21.7151,16585.2,2023.99,0.562202,1.62,469.8,349.53,14.8,9.46
Guangxi,20,202202,2022,2,15.32008,18549.5,1951.82,0.561887,1.94,339.57,426.72,11.52,7.05
Guangxi,20,202203,2022,3,21.06643,20599.9,1942.62,0.545125,2.25,222.51,226.98,23.78,15.86
Guangxi,20,202204,2022,4,18.49659,22837.6,2083.54,0.531806,2.6,213.18,211.9,25.9,16.71
Guangxi,20,202205,2022,5,18.29501,13064.1,2131.85,0.508636,2.23,271.12,273.03,26.7,19.69
Guangxi,20,202206,2022,6,18.30234,3290.6,2174.82,0.485694,2.03,323.82,321.13,30.87,24.18
Guangxi,20,202207,2022,7,18.92064,5438.9,2176.6,0.477544,0.04,371.71,371.65,33.74,25.22
Guangxi,20,202208,2022,8,20.46059,7288.2,2222.4,0.488174,1.93,378.44,372.51,33.1,25.03
Guangxi,20,202209,2022,9,20.85485,9177.4,2276.67,0.503452,2.48,336.26,328.28,32.36,23.42
Guangxi,20,202210,2022,10,20.63422,11121.7,2437.75,0.513347,2.56,353.33,361.18,28.28,18.74
Guangxi,20,202211,2022,11,21.16425,13044.8,2439.79,0.526379,1.83,269.3,263.02,24.53,17.33
Guangxi,20,202212,2022,12,24.49491,15011.3,2380.96,0.537423,2.38,269.71,254.69,15.27,7.89
Guangxi,20,202301,2023,1,21.4332,17081,2120.73,0.607218,2.23,695.4,611.58,16.08,9.1
Guangxi,20,202302,2023,2,17.88512,19101,2059.59,0.608002,2.3,394.18,452.65,17.74,11.58
Guangxi,20,202303,2023,3,24.87604,21300.3,2058.1,0.637941,1.75,395.69,391.97,21.99,15.08
Guangxi,20,202304,2023,4,21.43733,23697.9,2154.27,0.626468,2.12,550.77,541.94,25.13,18.64
Guangxi,20,202305,2023,5,22.32795,11991,2201.34,0.618618,2.28,428.09,439.26,28.95,21.97
Guangxi,20,202306,2023,6,22.53789,284.1,2238.77,0.616282,2.29,381.15,379.53,31.48,24.27
Guangxi,20,202307,2023,7,23.49487,463.5,2250.76,0.61816,2.32,485.99,486.61,33.44,25.77
Guangxi,20,202308,2023,8,22.30527,651.2,2291.65,0.618814,2.19,535.09,522.85,31.64,24.51
Guangxi,20,202309,2023,9,20.72316,867.1,2345.47,0.611466,2.51,440.29,408.23,30.44,23.5
Guangxi,20,202310,2023,10,21.74282,1045.1,2520.16,0.610204,2.68,451.02,485.1,26.87,19.46
Guangxi,20,202311,2023,11,23.18294,1230.9,2523.54,0.613174,2.55,352.36,345.91,23.22,14.71
Guangxi,20,202312,2023,12,23.72991,1434.7,2463.39,0.61448,1.65,363.45,353.2,17.57,9.99
Guangxi,20,202401,2024,1,23.49208,1637.6,2157.23,0.611149,1.81,151.74,115.29,15.04,9.79
Guangxi,20,202402,2024,2,19.92977,1838.7,2094.62,0.611111,1.7,694.83,680.8,15.74,9.46
Guangxi,20,202403,2024,3,24.56843,2047,2092.15,0.603439,1.7,363.91,368.72,21.69,15.22
Guangxi,20,202404,2024,4,22.22066,2254.6,2227.09,0.592759,1.73,516.78,525.51,27.34,20.69
Guangxi,20,202405,2024,5,21.17681,1291.15,2275.01,0.564549,2.4,436.97,438.71,27.72,21.49
Guangxi,20,202406,2024,6,20.38433,327.7,2313.58,0.537398,3.07,373.5,370.09,30.02,24.37
Guangxi,20,202407,2024,7,20.91916,525.7,2361.06,0.519414,3.74,477.62,478.22,32.48,25.46
Guangxi,20,202408,2024,8,21.14908,713.6,2381.1,0.510882,4.41,556.29,537.14,32.49,24.9
Guangxi,20,202409,2024,9,20.6593,907.7,2391.73,0.507816,5.08,391.91,385.06,31.66,23.85
Guangxi,20,202410,2024,10,20.05038,1114,2402.36,0.49668,5.75,498.43,505.21,27.13,18.52
Guangxi,20,202411,2024,11,21.46436,1300.7,2412.99,0.491546,6.42,376.07,369.37,24.34,15.45
Guangxi,20,202412,2024,12,22.1869,1496.1,2423.62,0.49094,7.09,369.52,360.54,17.17,9.71
Hainan,21,201901,2019,1,1.70283,1692.3,449.36,0.750514,2.92,196.85,198.13,25.16,17.89
Hainan,21,201902,2019,2,1.31593,1886.1,436.06,0.734831,2.41,196.62,197.88,29.4,20.73
Hainan,21,201903,2019,3,1.79446,2092.3,437.65,0.719149,1.9,194.85,195.65,29.94,21.6
Hainan,21,201904,2019,4,1.88055,2312.9,464.78,0.715736,1.72,193.08,193.42,33.25,24.24
Hainan,21,201905,2019,5,1.90678,1300.9,477.55,0.70405,1.66,191.31,191.19,32.7,25.04
Hainan,21,201906,2019,6,1.92894,288.9,487.06,0.694479,1.85,189.55,188.97,34.17,26.59
Hainan,21,201907,2019,7,2.0286,463.8,453.31,0.692105,1.72,187.79,186.75,33.34,26.14
Hainan,21,201908,2019,8,1.7077,631.6,462.51,0.682781,1.84,186.03,184.53,31.94,25.65
Hainan,21,201909,2019,9,1.51256,801.7,475.04,0.672577,1.88,184.28,182.33,31.66,24.31
Hainan,21,201910,2019,10,1.65614,1002,504.76,0.666667,2.27,182.54,180.13,30.17,23.37
Hainan,21,201911,2019,11,1.5199,1198.8,500.79,0.658578,2.24,180.8,177.94,27.38,20.46
Hainan,21,201912,2019,12,1.80228,1390.4,477.5,0.658093,2.1,179.07,175.76,25.1,18.06
Hainan,21,202001,2020,1,1.43768,1578.2,381.85,0.73633,2.46,173.4,173.46,25.48,18.32
Hainan,21,202002,2020,2,1.53198,1747.7,361.85,0.737209,2.6,176.19,177.13,26.03,18.31
Hainan,21,202003,2020,3,1.54187,1942,364.78,0.732929,2.27,178.5,180.24,30.14,21.68
Hainan,21,202004,2020,4,1.55725,2166,414.02,0.710177,2.16,179.76,182.1,29.03,21.55
Hainan,21,202005,2020,5,1.94645,352.5,433.78,0.703369,2.06,179.41,182.04,34.31,25.46
Hainan,21,202006,2020,6,1.72694,559.6,448.3,0.690571,1.94,176.87,179.36,33.89,26.13
Hainan,21,202007,2020,7,2.15754,758.4,454.86,0.693713,2.13,171.56,173.39,33.85,25.94
Hainan,21,202008,2020,8,1.89584,980.1,467.31,0.686101,2.02,162.94,163.44,31.83,25.2
Hainan,21,202009,2020,9,3.62032,1207.9,482.77,0.683087,2.1,150.41,148.83,31.91,24.74
Hainan,21,202010,2020,10,3.75018,1438.2,538.56,0.671126,0.76,133.41,128.88,27.49,22.97
Hainan,21,202011,2020,11,3.69082,1665,541.8,0.658111,2.8,118.3,110.86,26.47,21.1
Hainan,21,202012,2020,12,4.17757,1897.1,529.39,0.652665,2.22,126.12,119.01,22.61,17.18
Hainan,21,202101,2021,1,3.8186,2128.5,471.86,0.633815,3.45,125.21,127.92,21.87,14.67
Hainan,21,202102,2021,2,4.31541,2395.9,459.59,0.633603,3.9,141.09,141.77,25.78,17.04
Hainan,21,202103,2021,3,3.05835,2699,463.92,0.645327,2.96,135.27,135.23,28.39,21.31
Hainan,21,202104,2021,4,3.7987,1569.2,497.76,0.682113,2.22,136.34,138.42,30.12,23.3
Hainan,21,202105,2021,5,3.90127,439.4,512.97,0.685695,2.37,140.48,141.84,33.36,25.47
Hainan,21,202106,2021,6,4.21325,683.5,523.12,0.686427,2.14,127.64,127.61,33.33,25.9
Hainan,21,202107,2021,7,3.96523,884,519.55,0.689064,2.38,138.56,137.38,32.73,25.6
Hainan,21,202108,2021,8,4.1306,1086.5,530,0.690524,2.33,106.06,107.46,32.84,25.28
Hainan,21,202109,2021,9,4.05065,1355.2,545.75,0.700607,2.23,130.9,129.41,31.35,24.38
Hainan,21,202110,2021,10,4.09022,1624.8,618.49,0.688802,2.42,154.17,150.32,27.63,22.55
Hainan,21,202111,2021,11,3.84769,1865,621.36,0.679437,3.22,156.12,150.21,26.92,19.82
Hainan,21,202112,2021,12,3.67663,2126.6,605.32,0.676673,3.97,177.84,171.61,23.27,17.06
Hainan,21,202201,2022,1,4.09545,2398.6,545.43,0.607722,3.8,221.58,222.17,24.5,17.99
Hainan,21,202202,2022,2,3.48153,2702.1,525.99,0.606947,3.32,214.13,215.81,21.95,16.6
Hainan,21,202203,2022,3,4.14732,3009.8,523.5,0.606168,3.16,145.89,150.89,28.35,20.88
Hainan,21,202204,2022,4,3.7733,1735,532.93,0.623311,2.63,105.6,110.74,29.11,20.93
Hainan,21,202205,2022,5,3.91319,460.2,545.28,0.620253,2.32,156.96,161.74,29.43,23
Hainan,21,202206,2022,6,4.33844,759.9,556.27,0.627493,2.41,167.5,169.34,32.8,25.28
Hainan,21,202207,2022,7,4.53067,1044.4,551.36,0.632432,2.28,171.01,171.57,32.46,25.53
Hainan,21,202208,2022,8,4.21235,1330.8,562.96,0.634902,2.14,48.83,52.49,32.1,24.83
Hainan,21,202209,2022,9,4.32526,1632.9,576.71,0.634629,2.32,75.94,78.32,31.75,24.29
Hainan,21,202210,2022,10,4.51913,1923.1,631.94,0.638158,2.76,138.29,134.56,28.13,21.91
Hainan,21,202211,2022,11,4.61826,2218.4,632.47,0.647244,3.3,149.95,144.54,27.82,22.29
Hainan,21,202212,2022,12,4.13577,2542,617.22,0.645093,3.9,147.63,142.04,22.02,15.28
Hainan,21,202301,2023,1,4.13743,2861.6,602.53,0.640879,4.16,249.13,251.37,21.48,15.63
Hainan,21,202302,2023,2,3.98618,3222,585.16,0.640832,3.68,225.69,227.94,25.68,18.5
Hainan,21,202303,2023,3,4.94558,3597.4,584.74,0.672204,2.83,221.66,227.89,27.19,18.9
Hainan,21,202304,2023,4,4.7477,3166.9,587.43,0.676935,2.2,211.82,218.26,29.51,22.8
Hainan,21,202305,2023,5,5.09853,2736.4,600.27,0.680191,2.54,187.12,192.15,32.2,24.48
Hainan,21,202306,2023,6,5.08808,4367.1,610.48,0.68753,2.5,178.37,180.13,32.54,25.3
Hainan,21,202307,2023,7,5.33214,5956.9,604.09,0.694292,2.44,192.56,194.69,33.3,25.6
Hainan,21,202308,2023,8,5.26546,7514.6,615.06,0.699266,2.52,207.37,210.48,32.68,25.52
Hainan,21,202309,2023,9,4.93675,9269.1,629.51,0.699173,2.65,169.83,171.1,31.24,24.69
Hainan,21,202310,2023,10,4.86305,10901.2,699.57,0.692715,2.36,178.32,173.86,28.66,23.26
Hainan,21,202311,2023,11,4.56023,12611.9,700.51,0.685104,3.68,179.73,173.44,26.92,20.14
Hainan,21,202312,2023,12,4.86044,14453,683.81,0.683036,3.66,209.49,205.05,23.34,17.4
Hainan,21,202401,2024,1,4.91166,16216.2,624.66,0.630385,4.21,69.79,71.19,24.11,17.67
Hainan,21,202402,2024,2,4.05901,17648.2,606.53,0.629794,3.62,275.98,285.54,26.1,18.65
Hainan,21,202403,2024,3,5.02928,19512.3,605.81,0.664745,2.83,210.63,218.46,27.7,20.82
Hainan,21,202404,2024,4,4.90309,11100.5,612.3,0.674691,2.4,199.81,208.43,33.07,24.77
Hainan,21,202405,2024,5,4.86544,2688.7,625.47,0.667566,2.59,191.33,193.88,31.42,24.66
Hainan,21,202406,2024,6,4.80185,4420.5,636.08,0.664314,2.78,179.35,180.49,32.84,25.92
Hainan,21,202407,2024,7,4.88674,6007.4,647.81,0.663819,2.97,192.02,194.44,32.05,25.49
Hainan,21,202408,2024,8,4.95752,7646.4,653.31,0.663486,3.16,202.76,204.26,33.57,25.44
Hainan,21,202409,2024,9,4.7929,9425.1,656.22,0.670147,3.35,154.06,155.15,31.36,24.45
Hainan,21,202410,2024,10,4.82213,11111.5,659.14,0.667342,3.54,188.52,184.39,29.47,22.85
Hainan,21,202411,2024,11,4.57225,12832.5,662.06,0.664041,3.73,189.49,183.06,26.3,20.59
Hainan,21,202412,2024,12,4.78054,14791.5,664.97,0.664106,3.92,217.22,213.49,23.09,17.43
Chongqing,22,201901,2019,1,7.29254,16696.2,1763.25,0.868654,3.59,195.93,214.11,9.15,5.08
Chongqing,22,201902,2019,2,5.66013,18731.6,1711.06,0.846092,3.71,195.88,213.46,11.22,6.6
Chongqing,22,201903,2019,3,6.71471,21138.3,1717.28,0.823529,3.83,190.68,203.16,16.92,9.75
Chongqing,22,201904,2019,4,7.04027,11587.45,1799.74,0.801056,3.88,185.49,192.87,25.61,16.12
Chongqing,22,201905,2019,5,6.23952,2036.6,1849.15,0.760531,0.83,180.31,182.59,24.37,17.37
Chongqing,22,201906,2019,6,6.09301,3723.3,1886.01,0.726705,3.71,175.13,172.32,28.12,21.59
Chongqing,22,201907,2019,7,6.47455,5594.3,1884.78,0.702659,3.63,169.97,162.08,30.83,23.81
Chongqing,22,201908,2019,8,7.52122,7479.2,1923.03,0.702302,3.47,164.82,151.87,34.31,24.89
Chongqing,22,201909,2019,9,6.99383,9482.8,1975.12,0.707789,3.65,159.69,141.7,28.17,20.21
Chongqing,22,201910,2019,10,6.22522,11428.6,2244.4,0.704036,3.79,154.58,131.57,21.67,16.19
Chongqing,22,201911,2019,11,7.09013,13396,2226.71,0.712568,3.19,149.5,121.48,15.54,10.91
Chongqing,22,201912,2019,12,8.18014,15620.1,2123.16,0.725578,3.76,144.45,111.45,11.54,6.9
Chongqing,22,202001,2020,1,5.76202,17799.4,1707.68,0.766854,3.46,190.74,148.9,10.53,6.32
Chongqing,22,202002,2020,2,5.38961,20119.3,1618.22,0.767318,3.41,200.89,167.55,12.48,7.49
Chongqing,22,202003,2020,3,7.73192,22712.4,1631.33,0.742857,3.35,209.92,185,18.54,11.53
Chongqing,22,202004,2020,4,6.72452,3666.3,1947.58,0.740915,4.26,216.39,199.5,20.68,13.29
Chongqing,22,202005,2020,5,7.20585,5819.9,2040.51,0.738856,4.27,218.88,209.27,28.17,19.45
Chongqing,22,202006,2020,6,6.90337,7976.1,2108.82,0.712531,3.77,215.93,212.54,29.26,21.76
Chongqing,22,202007,2020,7,6.4397,10169,2096.73,0.680846,3.98,206.14,207.55,29.69,23.55
Chongqing,22,202008,2020,8,8.18325,12493.4,2154.15,0.686492,4,188.04,192.51,34.42,25.31
Chongqing,22,202009,2020,9,8.66234,14667.9,2225.41,0.674423,2.63,160.23,165.66,24.71,19.1
Chongqing,22,202010,2020,10,8.5959,16935.8,2433.92,0.658009,3.15,121.25,125.23,17.81,14.15
Chongqing,22,202011,2020,11,10.25276,19399.3,2448.6,0.66827,3.97,80.34,80.83,17.02,10.55
Chongqing,22,202012,2020,12,12.11143,21763.7,2392.48,0.690501,3.5,70.59,67.85,8.4,4.97
Chongqing,22,202101,2021,1,10.93349,24405,2026.48,0.830567,4.18,94.24,75.12,8.77,3.8
Chongqing,22,202102,2021,2,11.3045,27202.8,1973.77,0.832141,4.45,103.23,102.49,16.1,8.78
Chongqing,22,202103,2021,3,8.1369,15624.2,1992.36,0.810323,3.9,93.58,107.96,17.46,11.41
Chongqing,22,202104,2021,4,10.56801,4045.6,2225.6,0.789626,3.25,107.21,109,18.84,13.79
Chongqing,22,202105,2021,5,10.38625,6525.1,2293.62,0.751171,4.43,129.04,133.56,24.52,17.85
Chongqing,22,202106,2021,6,10.12784,8366.4,2338.99,0.737147,4.99,108.76,111.41,28.52,21.58
Chongqing,22,202107,2021,7,10.42247,10463,2299.46,0.720859,4.09,127.66,137.31,31.26,23.87
Chongqing,22,202108,2021,8,10.00957,12780.9,2345.68,0.709376,3.72,78.84,71.64,30.38,23.11
Chongqing,22,202109,2021,9,9.74764,14889.3,2415.4,0.698161,4.06,102.03,98.8,29.36,20.98
Chongqing,22,202110,2021,10,8.26498,16839.5,2664.36,0.698804,4.09,135.5,136.88,20.66,15.06
Chongqing,22,202111,2021,11,8.26556,19279.9,2676.7,0.709048,4.28,65.36,67.03,13.63,8.03
Chongqing,22,202112,2021,12,8.79872,21551.4,2607.6,0.723816,4,99.32,95.31,11.33,6.15
Chongqing,22,202201,2022,1,11.0754,23792.7,2189.34,0.829759,3.56,168.06,134.79,9.38,4.58
Chongqing,22,202202,2022,2,8.34598,26408.3,2111.28,0.830949,2.83,175.48,182.54,10.07,4.47
Chongqing,22,202203,2022,3,10.76772,15077.1,2101.32,0.816681,4.61,72.4,79.3,20.78,11.47
Chongqing,22,202204,2022,4,9.66706,3745.9,2289.85,0.781598,5.03,75.15,75.3,22.41,13.25
Chongqing,22,202205,2022,5,9.08246,6080.3,2342.95,0.744462,4.8,80.64,81.69,25.12,16.28
Chongqing,22,202206,2022,6,9.72118,8035,2390.18,0.720081,4.05,108.01,106.87,30.27,21.65
Chongqing,22,202207,2022,7,11.47895,10185.1,2403.77,0.73,0.37,149.76,159.05,34.53,24.67
Chongqing,22,202208,2022,8,11.46276,12501,2454.35,0.745363,4.04,125.36,123.17,37.91,27.31
Chongqing,22,202209,2022,9,11.2508,14722.5,2514.28,0.756342,4.54,78.89,70.75,27.17,19.84
Chongqing,22,202210,2022,10,10.69551,16934,2699.87,0.762341,4.5,81.64,83.87,22.38,15.15
Chongqing,22,202211,2022,11,9.59649,19472.7,2702.13,0.771571,4.19,35.61,37.51,18.66,12.04
Chongqing,22,202212,2022,12,11.76535,21875.9,2636.97,0.786439,4.09,76.83,71.84,9.73,5.03
Chongqing,22,202301,2023,1,11.6413,23752,2352.11,0.891462,4.35,284.01,242.69,10.1,3.96
Chongqing,22,202302,2023,2,10.3712,26299,2284.29,0.892642,3.85,156.74,180.25,12.29,7.13
Chongqing,22,202303,2023,3,12.1924,16052.05,2282.65,0.87931,2.43,139.27,144.72,17.79,10.57
Chongqing,22,202304,2023,4,10.92655,5805.1,2436.35,0.860096,4.69,167.07,175.58,23.84,15.1
Chongqing,22,202305,2023,5,11.17535,9353.9,2489.59,0.83671,3.67,167.2,170.52,25.88,18.5
Chongqing,22,202306,2023,6,11.37718,12523.1,2531.91,0.815253,4.97,148.56,154.44,27.56,20.76
Chongqing,22,202307,2023,7,12.04994,15639.9,2547.37,0.810133,4.75,187.62,204.67,31.74,23.73
Chongqing,22,202308,2023,8,10.11815,19257.9,2593.64,0.805014,4.82,212.55,208.14,33.48,24.09
Chongqing,22,202309,2023,9,9.19518,22387.4,2654.56,0.799851,4.79,150.88,154.05,28.87,21.32
Chongqing,22,202310,2023,10,8.25701,25522.2,2792.91,0.788692,4.63,165.09,166.77,21.67,15.87
Chongqing,22,202311,2023,11,9.21674,29036.8,2796.66,0.791601,3.99,115.67,117.76,18.06,11.41
Chongqing,22,202312,2023,12,11.34722,32220.4,2730,0.799962,3.19,116.9,117.03,12.09,6.49
Chongqing,22,202401,2024,1,11.91889,35647.9,2459.18,0.872425,2.5,68.02,47.93,10.9,6.37
Chongqing,22,202402,2024,2,10.05953,40130.1,2387.82,0.873239,4.44,279.96,277.92,12.13,5.94
Chongqing,22,202403,2024,3,11.59544,23102.05,2385,0.866739,1.26,129.65,142.39,19.16,11.4
Chongqing,22,202404,2024,4,10.36019,6074,2570.42,0.83657,4.41,146.4,151.89,23.27,16.59
Chongqing,22,202405,2024,5,10.37032,9971.6,2625.73,0.808171,4.78,167.01,175.11,26.63,18.35
Chongqing,22,202406,2024,6,9.90327,13197.3,2670.25,0.786542,5.15,144.07,151.45,27.56,21.12
Chongqing,22,202407,2024,7,10.4775,16662,2696.56,0.765182,5.52,180.59,198.54,32.53,25.07
Chongqing,22,202408,2024,8,11.50753,20461.3,2719.46,0.771372,5.89,200.55,205.06,36.56,26.11
Chongqing,22,202409,2024,9,12.09396,23786,2731.6,0.782289,6.26,137.4,129.67,35.68,24.88
Chongqing,22,202410,2024,10,10.58987,27108.6,2743.74,0.787335,6.63,174.28,180.71,21.77,15.6
Chongqing,22,202411,2024,11,10.53058,30817.8,2755.88,0.792447,7,124.67,126.82,16.48,11.84
Chongqing,22,202412,2024,12,11.44676,34494.1,2768.02,0.804681,7.37,119.15,118.79,10.04,5.93
Sichuan,23,201901,2019,1,15.44549,38377.1,3335.95,0.195609,2.35,888.18,995.08,10.11,2.06
Sichuan,23,201902,2019,2,11.92754,42899.7,3237.2,0.199014,2.91,888.21,992.91,12.68,4.18
Sichuan,23,201903,2019,3,16.8766,24203.45,3248.98,0.202419,3.47,850.25,941.26,17.22,7.62
Sichuan,23,201904,2019,4,17.3088,5507.2,3572.96,0.209129,3.39,812.32,889.63,25.01,13.58
Sichuan,23,201905,2019,5,17.10685,9274.4,3671.05,0.188586,2.29,774.44,838.06,24.3,15.33
Sichuan,23,201906,2019,6,17.47431,12945.2,3744.23,0.172882,3.5,736.62,786.59,27.35,19.34
Sichuan,23,201907,2019,7,16.38279,16662.4,3974.17,0.153435,3.12,698.9,735.23,28.47,20.53
Sichuan,23,201908,2019,8,17.37982,20675.7,4054.83,0.146453,3.12,661.3,684.03,30.61,20.92
Sichuan,23,201909,2019,9,16.61316,24250.7,4164.65,0.136457,3.16,623.83,633.01,24.46,17.13
Sichuan,23,201910,2019,10,17.23189,27759.6,4432.16,0.128252,3.63,586.53,582.2,20.14,13.52
Sichuan,23,201911,2019,11,17.7879,31899.7,4397.22,0.126636,2.93,549.41,531.63,15.07,8.46
Sichuan,23,201912,2019,12,21.20627,35992.1,4192.74,0.136884,3.25,512.5,481.34,11.28,3.86
Sichuan,23,202001,2020,1,15.03673,40408,3483,0.226346,2.85,890.73,778.08,10.46,3.13
Sichuan,23,202002,2020,2,12.8248,45721.6,3300.54,0.227352,3.01,966.49,874.88,13.58,4.91
Sichuan,23,202003,2020,3,15.37037,7151.5,3327.27,0.19398,3.2,1036.25,965.54,18.82,8.93
Sichuan,23,202004,2020,4,17.25514,11890.2,3844.87,0.198618,3.8,1091.7,1040.93,20.56,10.28
Sichuan,23,202005,2020,5,18.01049,16061.1,4028.35,0.196856,3.81,1124.54,1091.92,27.01,15.74
Sichuan,23,202006,2020,6,17.42668,20207.1,4163.19,0.175333,3.43,1126.47,1109.39,28.19,19.27
Sichuan,23,202007,2020,7,16.20088,24820.5,4133.17,0.153287,3.71,1089.18,1084.19,28.41,20.51
Sichuan,23,202008,2020,8,16.49957,28966.9,4246.35,0.139196,3.39,1004.37,1007.19,29.5,20.31
Sichuan,23,202009,2020,9,17.81043,33006.3,4386.82,0.127835,3.23,863.73,869.26,23.7,16.33
Sichuan,23,202010,2020,10,19.78197,37610.9,4730.89,0.119796,2.84,658.97,661.26,18,11.66
Sichuan,23,202011,2020,11,21.35919,42120.7,4759.43,0.120928,2.75,433.02,428.61,16.12,7.73
Sichuan,23,202012,2020,12,23.91751,47098.1,4650.34,0.131732,3.37,345.57,341.13,8.58,1.83
Sichuan,23,202101,2021,1,18.90924,53006.8,4008.59,0.259537,3.93,487.24,445.69,9.77,1.14
Sichuan,23,202102,2021,2,23.85034,30596.85,3904.32,0.260973,3.93,653.14,682.79,16.13,5.91
Sichuan,23,202103,2021,3,12.83829,8186.9,3941.1,0.269297,3.49,498.62,542.89,18.3,8.81
Sichuan,23,202104,2021,4,18.9319,12536.4,4352.13,0.273556,2.52,561.92,562.1,19.88,11.27
Sichuan,23,202105,2021,5,19.87161,15871.4,4485.13,0.261838,3.82,671.78,672.01,24.28,15.41
Sichuan,23,202106,2021,6,20.02155,19025.8,4573.86,0.226619,2.62,599.34,596.32,26.92,18.69
Sichuan,23,202107,2021,7,18.49036,23190,4494.6,0.202104,3.9,625.82,634.25,29.46,20.59
Sichuan,23,202108,2021,8,17.72551,27041.7,4584.95,0.184458,3.11,466.09,460.5,28.08,19.91
Sichuan,23,202109,2021,9,17.6294,30516.9,4721.22,0.166957,3.26,589.29,592.14,26.19,17.82
Sichuan,23,202110,2021,10,16.51583,34713.4,5143.67,0.154095,3.23,820.49,824.7,19.07,12.58
Sichuan,23,202111,2021,11,16.40957,39008,5167.51,0.141206,3.82,411.77,409.33,13.57,5.68
Sichuan,23,202112,2021,12,17.2846,43448.4,5034.1,0.153135,3.68,608.68,598.51,10.78,3.02
Sichuan,23,202201,2022,1,18.81187,48862.8,4359.27,0.282214,3.73,918.72,833.05,9.65,2.3
Sichuan,23,202202,2022,2,16.81271,28133.4,4203.83,0.283665,3.65,859.66,988.35,9.96,2.67
Sichuan,23,202203,2022,3,24.57301,7404,4184.01,0.292329,4.06,529.18,547.13,20.91,9.51
Sichuan,23,202204,2022,4,20.89023,11402.1,4436.22,0.265828,4.48,516.68,517.9,21.47,10.81
Sichuan,23,202205,2022,5,20.17814,15229,4539.09,0.233391,4.32,611.43,613.98,24.05,14.18
Sichuan,23,202206,2022,6,20.40351,18842,4630.57,0.199318,3.51,720.14,722.48,28.43,19.08
Sichuan,23,202207,2022,7,21.26509,23050.2,4664.83,0.185637,0.72,750.87,762.57,31.76,20.79
Sichuan,23,202208,2022,8,22.02715,26932.6,4762.98,0.185321,3,734.46,732.75,33.27,22.04
Sichuan,23,202209,2022,9,19.09766,30800.6,4879.29,0.177787,1.87,289.03,297.52,23.65,16.77
Sichuan,23,202210,2022,10,19.06144,34756.7,5259.97,0.165437,4.3,529.84,528.29,20.27,12.68
Sichuan,23,202211,2022,11,20.56424,38953.9,5264.36,0.163812,3.84,443.01,435.26,17.67,9.19
Sichuan,23,202212,2022,12,23.64223,43477,5137.43,0.170857,3.74,531.13,508.63,9.86,2.8
Sichuan,23,202301,2023,1,23.64207,48553.4,4537.64,0.245446,4.13,1326.87,1303.12,10.69,1.82
Sichuan,23,202302,2023,2,19.08654,24962.95,4406.81,0.246284,2.48,787.81,884.51,13.3,5.62
Sichuan,23,202303,2023,3,26.50989,1372.5,4403.63,0.265443,2.56,775.22,788.99,17.75,8.58
Sichuan,23,202304,2023,4,23.60342,2178.3,4738.37,0.263625,4.22,886.75,879.35,23.08,12.19
Sichuan,23,202305,2023,5,23.3057,2947.5,4841.92,0.260194,3.79,889.25,897.55,25.75,16
Sichuan,23,202306,2023,6,23.45308,3721.7,4924.23,0.260206,4.41,834.54,835.12,27.48,18.52
Sichuan,23,202307,2023,7,22.38949,4528,4968.65,0.24471,4.26,917.63,937.19,30.31,20.76
Sichuan,23,202308,2023,8,19.78093,5315,5058.9,0.218527,4.17,1016.42,1012.11,29.65,20.48
Sichuan,23,202309,2023,9,20.21609,6069.4,5177.72,0.199412,4.23,816.18,810.56,26.76,18.25
Sichuan,23,202310,2023,10,19.62804,6928.4,5571.09,0.185,2.96,875.81,884.3,20.71,13.48
Sichuan,23,202311,2023,11,22.13176,7657.2,5578.57,0.188957,2.66,665.97,661.3,17.55,8.63
Sichuan,23,202312,2023,12,23.70717,8487.4,5445.59,0.194585,3.17,698.88,688.59,12.25,4.06
Sichuan,23,202401,2024,1,23.88222,9431.3,4809.21,0.273866,3.35,277.54,249.21,11.05,3.28
Sichuan,23,202402,2024,2,20.39712,5378.4,4669.65,0.274757,4.55,1247.96,1323,12.57,3.87
Sichuan,23,202403,2024,3,26.58103,1325.5,4664.14,0.285248,4.09,718.47,754.81,18.96,9.44
Sichuan,23,202404,2024,4,23.47654,2119.8,5002.8,0.279597,4.29,799.73,778.85,23.42,13.9
Sichuan,23,202405,2024,5,22.76453,2835.8,5110.44,0.256554,4.5,915.29,918.66,25.86,16.28
Sichuan,23,202406,2024,6,20.95855,3563.6,5197.1,0.221579,4.71,830.19,829.79,26.84,18.9
Sichuan,23,202407,2024,7,20.43889,4375.1,5271.78,0.196128,4.92,885.23,901.3,29.12,21.55
Sichuan,23,202408,2024,8,22.31439,5107.2,5316.53,0.184935,5.13,969.52,970.28,32.95,21.65
Sichuan,23,202409,2024,9,23.74229,5802.1,5340.27,0.186868,5.34,733.81,732.29,30.63,20.22
Sichuan,23,202410,2024,10,22.24543,6638.8,5364,0.184855,5.55,954.11,952.59,20.57,13.45
Sichuan,23,202411,2024,11,22.38538,7378,5387.74,0.187694,5.76,725.45,719.99,15.85,8.38
Sichuan,23,202412,2024,12,24.31199,8141.5,5411.47,0.191946,5.97,708.57,698.71,10.46,2.55
Guizhou,24,201901,2019,1,19.24226,9087.9,1107.84,0.637246,1.99,298.69,323.24,8.82,3.27
Guizhou,24,201902,2019,2,14.78188,5061.2,1075.05,0.656888,2.63,298.82,322.6,10.54,4.06
Guizhou,24,201903,2019,3,19.6853,1034.5,1078.96,0.676529,3.27,285.85,304.13,16.37,8.5
Guizhou,24,201904,2019,4,19.54922,1792.7,1256.09,0.674985,3.27,272.88,285.67,23.91,14.16
Guizhou,24,201905,2019,5,18.61294,2487.8,1290.58,0.661604,1.2,259.92,267.23,22.92,15.83
Guizhou,24,201906,2019,6,16.68911,3168.4,1316.3,0.628398,3.06,246.99,248.83,27.07,20.17
Guizhou,24,201907,2019,7,16.37132,4004.6,1349.97,0.599032,3.04,234.1,230.47,27.96,21.26
Guizhou,24,201908,2019,8,18.66073,4740.3,1377.37,0.600592,2.79,221.24,212.16,30.2,21.17
Guizhou,24,201909,2019,9,18.55127,5471.4,1414.68,0.60744,3.06,208.43,193.92,26.66,17.88
Guizhou,24,201910,2019,10,19.03521,5802.3,1594.4,0.611374,3.17,195.68,175.75,20.94,14.31
Guizhou,24,201911,2019,11,20.97358,6502.2,1581.83,0.621938,3.2,182.99,157.68,15.45,9.03
Guizhou,24,201912,2019,12,19.51156,7325.1,1508.28,0.635617,3.3,170.37,139.7,11.97,4.81
Guizhou,24,202001,2020,1,13.89246,8160.9,1268.19,0.61791,2.36,312.33,259.46,10.48,4.22
Guizhou,24,202002,2020,2,13.18069,1353,1201.76,0.617711,2.37,338.6,294.49,13.3,6.79
Guizhou,24,202003,2020,3,18.2345,2192.4,1211.49,0.624229,2.58,362.76,327.39,17.79,9.96
Guizhou,24,202004,2020,4,16.68766,2957.8,1387.39,0.643399,3.19,381.86,354.92,19.13,10.59
Guizhou,24,202005,2020,5,17.32944,3746.1,1453.6,0.655595,3.34,393.01,373.86,26.9,17.66
Guizhou,24,202006,2020,6,16.3846,4535.8,1502.25,0.621613,2.58,393.26,381,27.59,20.74
Guizhou,24,202007,2020,7,13.60944,5296.8,1497.91,0.585033,3.23,379.71,373.11,28.46,21.95
Guizhou,24,202008,2020,8,18.70808,6082.7,1538.93,0.595668,2.9,349.43,346.96,29.43,21.41
Guizhou,24,202009,2020,9,17.60967,6923.5,1589.84,0.58141,1.26,299.51,299.34,22.19,17.1
Guizhou,24,202010,2020,10,18.70602,7805,1735.34,0.569527,2.56,227.02,227.02,17.73,11.96
Guizhou,24,202011,2020,11,23.7846,8858.7,1745.81,0.589014,3.59,152.38,150.24,15.69,8.16
Guizhou,24,202012,2020,12,24.67834,9927.8,1705.8,0.611369,1.76,147.64,141.47,6.46,2.14
Guizhou,24,202101,2021,1,21.44204,1797.75,1465.79,0.689319,3.35,192.48,162.37,8.09,2.07
Guizhou,24,202102,2021,2,21.02565,1706.4,1427.66,0.690195,2.1,223.25,230.97,13.89,7.28
Guizhou,24,202103,2021,3,15.73918,2700.7,1441.11,0.67708,1.72,188.3,210.54,16.89,10.09
Guizhou,24,202104,2021,4,20.53297,3272.9,1565.35,0.682849,0.69,192.5,192.69,17.52,11.83
Guizhou,24,202105,2021,5,19.84802,3987.4,1613.19,0.661798,3.25,221.99,220.82,24.16,16.82
Guizhou,24,202106,2021,6,18.64337,4793.5,1645.1,0.647003,3.04,204.1,198.86,27.42,19.61
Guizhou,24,202107,2021,7,17.71036,5599.5,1611.83,0.624044,2.86,242.52,231.71,29.61,21.26
Guizhou,24,202108,2021,8,16.82679,6400.9,1644.23,0.614482,1.93,192.41,192.92,29.38,20.99
Guizhou,24,202109,2021,9,16.89012,7205.2,1693.11,0.612238,3.25,206.08,207.68,28.95,19.21
Guizhou,24,202110,2021,10,17.75962,7976.9,1870.84,0.613573,3.08,249.32,252.65,18.93,12.85
Guizhou,24,202111,2021,11,17.41959,8881.4,1879.51,0.625335,3.22,189.56,187.65,14.08,7.38
Guizhou,24,202112,2021,12,19.29285,9898,1830.99,0.645243,2.89,216.49,207.91,10.84,3.96
Guizhou,24,202201,2022,1,19.68438,1605.18,1647.82,0.712872,0.91,313.94,269.13,7.64,3.2
Guizhou,24,202202,2022,2,15.10376,1512,1589.07,0.713631,1.48,298.9,340.96,6.27,2.01
Guizhou,24,202203,2022,3,18.4835,2417.2,1581.57,0.689959,3.11,198.5,210.64,19.8,10.52
Guizhou,24,202204,2022,4,17.85322,3184.1,1665.99,0.672882,3.48,167.26,168.8,20.91,11.42
Guizhou,24,202205,2022,5,16.68439,3978.7,1704.62,0.646294,2.58,228.26,225.75,22.14,14.36
Guizhou,24,202206,2022,6,14.49485,4819.9,1738.98,0.596356,1.81,256.92,251.01,27.23,19.77
Guizhou,24,202207,2022,7,15.73063,5649,1702.43,0.576757,0.77,334.9,321.01,30.86,21.76
Guizhou,24,202208,2022,8,17.04232,6523.5,1738.25,0.571751,2.41,328.38,327.8,31.61,21.94
Guizhou,24,202209,2022,9,15.96805,7411.4,1780.69,0.58855,2.87,77.32,86.34,26.47,17.91
Guizhou,24,202210,2022,10,16.25181,8275.6,1869.03,0.604583,2.97,121.08,124.73,21.26,13.15
Guizhou,24,202211,2022,11,18.72291,9224.9,1870.59,0.62145,3.51,172.04,169.28,19.49,10.97
Guizhou,24,202212,2022,12,19.58781,10221.3,1825.48,0.640493,2.4,199.06,178.24,8.42,3.14
Guizhou,24,202301,2023,1,17.48996,2033.7,1675.96,0.788103,3.05,425.37,395.65,10.55,2.95
Guizhou,24,202302,2023,2,15.77603,1941.7,1627.64,0.789761,2.51,281.4,333.29,10.5,5.06
Guizhou,24,202303,2023,3,21.03752,3062.8,1626.46,0.788522,2.55,262.15,263.35,16.6,9.21
Guizhou,24,202304,2023,4,17.28084,4136.5,1735.47,0.787419,2.91,305.89,305.85,23.12,13.86
Guizhou,24,202305,2023,5,18.01708,5174.1,1773.4,0.778258,2.67,300.41,296.83,25.66,17.55
Guizhou,24,202306,2023,6,17.45447,6377.1,1803.54,0.76655,3.09,279.58,273.89,26.89,19.42
Guizhou,24,202307,2023,7,18.36994,7503.5,1757.64,0.748956,3.22,419.49,398.2,29.52,21.8
Guizhou,24,202308,2023,8,18.28892,8640.5,1789.57,0.731433,3.22,478.23,470.64,29.35,20.72
Guizhou,24,202309,2023,9,17.72544,9900.9,1831.6,0.726573,3.42,363.21,363.06,27.98,19.12
Guizhou,24,202310,2023,10,17.7554,11162.5,1937.51,0.725182,3.28,371.6,377.33,21.81,14.16
Guizhou,24,202311,2023,11,18.83009,12512.6,1940.11,0.729348,2.72,285.56,283.14,18.33,9.85
Guizhou,24,202312,2023,12,19.82296,14034.5,1893.86,0.734701,1.92,297.19,289.14,12.66,5.13
Guizhou,24,202401,2024,1,19.29684,2193.25,1761.08,0.756023,1.67,142.3,106.96,10.06,4.81
Guizhou,24,202402,2024,2,16.2864,2060.2,1709.97,0.756263,2.57,528.79,572.78,11.65,4.24
Guizhou,24,202403,2024,3,20.22637,3451.4,1707.95,0.753789,1.22,324.81,362.57,18.8,10.25
Guizhou,24,202404,2024,4,17.95506,4597.1,1823.31,0.73993,2.79,358.77,357.93,23.55,15.48
Guizhou,24,202405,2024,5,17.37859,5791.5,1862.54,0.702475,3.14,389.29,387.37,23.59,16.38
Guizhou,24,202406,2024,6,16.00435,7009.6,1894.12,0.665864,3.49,350.17,341.9,25.21,19.44
Guizhou,24,202407,2024,7,15.9497,8254.5,1862.33,0.633697,3.84,461.52,438.91,30.15,22.68
Guizhou,24,202408,2024,8,19.32339,9485.2,1878.14,0.639563,4.19,505.66,484.29,31.22,21.68
Guizhou,24,202409,2024,9,19.37417,10742.9,1886.52,0.652422,4.54,332.3,338.74,29.64,19.84
Guizhou,24,202410,2024,10,18.3393,11886.5,1894.91,0.654871,4.89,401.38,405.35,21.09,13.47
Guizhou,24,202411,2024,11,17.92504,13170.6,1903.29,0.658025,5.24,308.42,306.08,17.18,10.34
Guizhou,24,202412,2024,12,18.97938,14562.1,1911.68,0.669481,5.59,308.2,296.03,8.16,3.71
Yunnan,25,201901,2019,1,13.95932,633.8,1330.36,0.102495,1.98,423.4,428.15,17.66,5.29
Yunnan,25,201902,2019,2,10.71082,1887.2,1290.98,0.099711,1.98,422.93,427.4,21.43,7.28
Yunnan,25,201903,2019,3,16.311,3140.6,1295.68,0.096927,1.98,408.17,410.36,22.88,9.54
Yunnan,25,201904,2019,4,17.53607,4289.4,1385.74,0.103698,1.89,393.41,393.33,27.31,13.61
Yunnan,25,201905,2019,5,17.76044,5440,1423.79,0.103509,1.76,378.67,376.32,28.68,16.97
Yunnan,25,201906,2019,6,15.66934,6646.1,1452.17,0.107306,1.86,363.96,359.34,28.1,19.33
Yunnan,25,201907,2019,7,14.30971,7903.5,1521.05,0.0961,1.4,349.28,342.4,26.69,19.18
Yunnan,25,201908,2019,8,14.3807,9174.7,1551.92,0.088003,1.47,334.65,325.5,27.66,18.82
Yunnan,25,201909,2019,9,14.08815,10598.1,1593.95,0.082533,1.75,320.07,308.67,25.22,16.7
Yunnan,25,201910,2019,10,15.61742,11955.7,2208.08,0.081537,2.02,305.55,291.91,23.28,14.72
Yunnan,25,201911,2019,11,17.21016,13326.4,2190.67,0.08716,2.02,291.1,275.23,21.12,10.68
Yunnan,25,201912,2019,12,17.74714,14835.9,2088.8,0.095114,2,276.72,258.64,17.66,5.18
Yunnan,25,202001,2020,1,13.82503,2518,1748.81,0.192538,1.88,376.61,353.27,17.92,5.58
Yunnan,25,202002,2020,2,11.45854,3996.3,1657.19,0.193632,1.88,404.66,385.06,19.43,6.69
Yunnan,25,202003,2020,3,17.00978,5420.1,1670.62,0.20068,1.92,430.49,414.59,24.17,10.33
Yunnan,25,202004,2020,4,18.76638,6854.6,1933.67,0.214314,1.99,451.01,438.62,23.75,11.68
Yunnan,25,202005,2020,5,17.96251,8312.7,2025.94,0.216278,2.06,463.14,453.9,27.7,15.87
Yunnan,25,202006,2020,6,14.095,9722.9,2093.76,0.195796,1.66,463.79,457.18,28.16,19.33
Yunnan,25,202007,2020,7,13.82717,11172.7,2076.92,0.165172,1.73,449.87,445.21,26.49,19.22
Yunnan,25,202008,2020,8,13.77343,12759.5,2133.79,0.141631,1.81,418.29,414.76,26.67,18.71
Yunnan,25,202009,2020,9,15.9468,14286.6,2204.38,0.125953,1.21,365.98,362.57,25.06,17.18
Yunnan,25,202010,2020,10,17.91043,15851.9,2387.11,0.11257,1.55,289.83,285.41,21.9,13.74
Yunnan,25,202011,2020,11,18.64148,17498.5,2401.5,0.111296,2.27,212.46,205.91,20.53,8.79
Yunnan,25,202012,2020,12,18.14063,17336.57,2346.46,0.118741,2.03,213.01,203.93,16.12,4.87
Yunnan,25,202101,2021,1,19.77493,2925,2014.11,0.222806,1.87,238.26,226.78,15.76,4.45
Yunnan,25,202102,2021,2,21.44754,4720.8,1961.71,0.223975,2.07,271.94,276.71,19.38,6.18
Yunnan,25,202103,2021,3,13.27626,6396.3,1980.19,0.225379,2.13,262.49,269,23.64,10.02
Yunnan,25,202104,2021,4,21.28367,8066,2197.54,0.22238,2.15,247.08,248.21,24.7,12.78
Yunnan,25,202105,2021,5,20.24615,9741.2,2264.69,0.209334,2.36,288.43,285.81,27.03,16.26
Yunnan,25,202106,2021,6,18.98143,11299,2309.5,0.18779,1.91,264.46,259.85,26.78,18.54
Yunnan,25,202107,2021,7,17.00882,12886.2,2259.8,0.161234,1.86,295.72,290.91,26.52,18.47
Yunnan,25,202108,2021,8,15.88639,14629,2305.22,0.141236,0.94,237.93,239.36,26.02,18.08
Yunnan,25,202109,2021,9,15.0246,16252.2,2373.74,0.124398,2.09,240.05,241.93,26.12,16.6
Yunnan,25,202110,2021,10,14.12271,18041.4,2592.98,0.115541,1.99,315.29,312.79,22.23,14.12
Yunnan,25,202111,2021,11,13.96168,19839.9,2605,0.125442,2.07,252.27,248.51,18.86,8.79
Yunnan,25,202112,2021,12,15.93854,19652.92,2537.75,0.131672,2.19,260.78,254.43,16.34,5.53
Yunnan,25,202201,2022,1,16.77599,3011.9,2212.51,0.196673,2.22,316.64,303.48,16.22,5.21
Yunnan,25,202202,2022,2,14.92189,4726.4,2133.62,0.197404,2.28,356.48,375.82,16.32,4.43
Yunnan,25,202203,2022,3,24.34109,6347.7,2123.56,0.199271,2.38,220.3,229.28,24.85,10.47
Yunnan,25,202204,2022,4,21.03791,7914.3,2281.8,0.183865,2.32,202.47,203.89,23.72,11.67
Yunnan,25,202205,2022,5,20.41307,9495.5,2334.72,0.1593,2.12,251.81,251,23.74,15.14
Yunnan,25,202206,2022,6,18.66168,11019.7,2381.77,0.133713,1.25,292.15,287.21,25.2,17.92
Yunnan,25,202207,2022,7,16.13238,12610.7,2401.81,0.119516,0.41,442.8,425.81,28.09,18.67
Yunnan,25,202208,2022,8,18.26556,14432.8,2452.35,0.115157,1.49,406.33,406.56,27.41,17.89
Yunnan,25,202209,2022,9,21.03934,16095.3,2512.23,0.114394,1.81,248.19,249.87,24.91,17.06
Yunnan,25,202210,2022,10,19.24264,17875.1,2683.65,0.114333,2.03,231.09,229.54,22.94,14.59
Yunnan,25,202211,2022,11,19.93733,19710.6,2685.89,0.117392,2.3,220.58,214.44,22.8,9.01
Yunnan,25,202212,2022,12,20.18516,19526.31,2621.13,0.122495,1.86,227.33,214.94,16.11,5.49
Yunnan,25,202301,2023,1,22.23227,3124.4,2324.63,0.187588,1.96,535.02,516.11,17.15,4.49
Yunnan,25,202302,2023,2,17.29239,5037.4,2257.61,0.18832,1.79,414.57,436.26,19.96,7.24
Yunnan,25,202303,2023,3,24.84999,6918.3,2255.98,0.202172,2.28,394.49,390.76,22.44,10
Yunnan,25,202304,2023,4,23.65733,8775.5,2406.46,0.217912,2.26,423.01,415.67,26.69,13.16
Yunnan,25,202305,2023,5,23.47141,10865.7,2459.05,0.227818,2.46,397.09,393.13,27.68,15.85
Yunnan,25,202306,2023,6,22.50686,12755.4,2500.85,0.218444,2.38,354.12,346.38,27.16,18.12
Yunnan,25,202307,2023,7,18.87652,14676.5,2490.34,0.196061,2.17,481.79,463.65,27.32,18.93
Yunnan,25,202308,2023,8,18.53246,16756.9,2535.57,0.175111,1.82,503.65,504.85,26.39,18.7
Yunnan,25,202309,2023,9,19.058,18807.1,2595.13,0.159089,2.37,355.14,355.73,26.86,17.3
Yunnan,25,202310,2023,10,20.81513,21133.3,2781.33,0.15589,2.43,382.36,377.65,23.38,14.11
Yunnan,25,202311,2023,11,21.55842,23680.7,2785.06,0.15941,2.44,318.59,309.84,20.99,9.29
Yunnan,25,202312,2023,12,20.80486,23452.8,2718.68,0.163965,2.33,332.83,322.33,17.25,6.79
Yunnan,25,202401,2024,1,23.6457,3169.7,2380.97,0.203399,2.34,135.45,125.3,16.18,4.79
Yunnan,25,202402,2024,2,20.24151,5265.9,2311.88,0.203842,2.39,571.73,589.55,19.04,6.51
Yunnan,25,202403,2024,3,24.51453,7161.8,2309.15,0.212403,2.41,368.14,380.16,23.54,10
Yunnan,25,202404,2024,4,22.12409,9172.3,2474.49,0.209136,2.29,387.86,386.93,27.22,14.2
Yunnan,25,202405,2024,5,20.58496,11464.7,2527.73,0.200452,2.34,405.75,402.4,26.14,16.01
Yunnan,25,202406,2024,6,18.4406,13420.4,2570.59,0.176221,2.39,359.98,353.35,26.55,19.08
Yunnan,25,202407,2024,7,17.20579,15381.7,2565,0.154265,2.44,478.77,461.33,27.16,19.73
Yunnan,25,202408,2024,8,16.74796,17393.6,2586.78,0.1362,2.49,517.37,513.32,28.1,18.65
Yunnan,25,202409,2024,9,17.42513,19521,2598.33,0.131337,2.54,330.76,333.17,26.9,17.9
Yunnan,25,202410,2024,10,19.59673,21805.1,2609.88,0.131253,2.59,420.83,415.48,22.69,14.3
Yunnan,25,202411,2024,11,20.55004,24431.8,2621.43,0.134413,2.64,346.96,337.7,19.27,9.34
Yunnan,25,202412,2024,12,21.83173,27058.5,2632.97,0.137454,2.69,356.38,344.47,16.81,5.53
Shaanxi,27,201901,2019,1,25.17101,2597.4,1883.53,0.913762,2.5,454.3,437.95,4.25,-4.92
Shaanxi,27,201902,2019,2,19.98141,4419,1827.78,0.913018,2.46,453.8,437.48,6.5,-2.58
Shaanxi,27,201903,2019,3,22.68569,6333.7,1834.42,0.912274,2.42,412.15,397.03,15.99,2.97
Shaanxi,27,201904,2019,4,20.50731,8276.5,2024.53,0.902905,2.19,370.53,356.59,22.93,9.8
Shaanxi,27,201905,2019,5,20.63272,10437.6,2080.11,0.893515,2.17,328.96,316.21,24.02,12.83
Shaanxi,27,201906,2019,6,19.32775,12232.7,2121.57,0.886592,2.42,287.46,275.91,28.38,18.82
Shaanxi,27,201907,2019,7,20.49678,14209.2,2148.14,0.879367,2.21,246.07,235.7,30.08,20.73
Shaanxi,27,201908,2019,8,20.62364,16416.4,2191.74,0.874248,2.1,204.8,195.61,29.18,20.4
Shaanxi,27,201909,2019,9,18.8839,18578.9,2251.1,0.868913,2.18,163.68,155.67,23.77,15.04
Shaanxi,27,201910,2019,10,18.61414,20695.5,2452.37,0.86374,2.48,122.73,115.9,17.42,9.55
Shaanxi,27,201911,2019,11,24.05514,23334.8,2433.04,0.872604,2.2,81.99,76.32,11.4,3.22
Shaanxi,27,201912,2019,12,28.50232,3610.5,2319.9,0.877513,2.4,41.48,36.97,7.23,-2.32
Shaanxi,27,202001,2020,1,23.17753,6018.1,1862.44,0.908184,2.14,404.65,391.29,5.23,-2.97
Shaanxi,27,202002,2020,2,23.65478,8279.7,1764.87,0.908528,2.2,486.61,470.95,10.77,-1.06
Shaanxi,27,202003,2020,3,22.84629,10700.2,1779.17,0.892299,2.21,564.42,546.61,16.87,3.78
Shaanxi,27,202004,2020,4,23.56184,13344.3,2049.23,0.893614,2.4,631.46,611.84,20.74,7.32
Shaanxi,27,202005,2020,5,23.1904,15711.4,2147.02,0.888744,2.11,681.08,660.23,27.39,13.65
Shaanxi,27,202006,2020,6,21.72487,18241.6,2218.88,0.882991,0.19,706.65,685.35,28.23,17.91
Shaanxi,27,202007,2020,7,22.86103,20894.1,2212.11,0.877331,2.15,701.54,680.78,28.12,19.98
Shaanxi,27,202008,2020,8,22.74429,23661,2272.69,0.873555,2.1,659.11,640.09,27.72,19.72
Shaanxi,27,202009,2020,9,24.10228,26326,2347.87,0.873257,2.28,572.72,556.86,24,14.5
Shaanxi,27,202010,2020,10,24.80958,29737.5,2548.7,0.872271,2.39,435.73,424.66,15.48,7.77
Shaanxi,27,202011,2020,11,29.29017,17096.2,2564.07,0.875806,2.25,287.28,281.15,11.69,2.96
Shaanxi,27,202012,2020,12,34.31734,4454.9,2505.3,0.881666,2.62,269.45,263.27,3.36,-4.26
Shaanxi,27,202101,2021,1,28.19821,7512.9,2147.33,0.899973,2.75,264.09,258.14,6.71,-4.74
Shaanxi,27,202102,2021,2,32.2758,10350.4,2091.48,0.900178,2.77,310.01,297.29,12.55,-0.17
Shaanxi,27,202103,2021,3,21.96692,13292.7,2111.18,0.90383,2.45,344.04,331.81,14.78,4.28
Shaanxi,27,202104,2021,4,26.87892,16452.9,2335.85,0.902639,2.49,381.69,370.06,17,7.78
Shaanxi,27,202105,2021,5,24.46902,19327,2407.24,0.893103,2.6,473.65,461.37,25.47,12.86
Shaanxi,27,202106,2021,6,23.24441,22174.1,2454.86,0.888384,0.18,422.54,411.28,29.41,18.44
Shaanxi,27,202107,2021,7,23.34108,25227.3,2442.51,0.884841,1.95,446.82,435.88,30.47,20.61
Shaanxi,27,202108,2021,8,23.72157,27853.8,2491.61,0.881824,2.41,327.46,316.91,28.21,18.78
Shaanxi,27,202109,2021,9,23.27142,28556.9,2565.67,0.874808,2.52,383.25,375.33,24.55,15.73
Shaanxi,27,202110,2021,10,19.32385,30602.8,2846.51,0.872411,1.81,458.6,450.86,15.71,8.01
Shaanxi,27,202111,2021,11,21.52365,17552.1,2859.7,0.867536,3,359.67,352.88,12.03,0.47
Shaanxi,27,202112,2021,12,22.33934,4501.4,2785.87,0.87025,2.87,259.99,256.44,7.26,-3.55
Shaanxi,27,202201,2022,1,27.85451,7035.9,2486.17,0.898298,2.68,169.58,177.64,5.24,-3.9
Shaanxi,27,202202,2022,2,25.36009,9370.2,2397.52,0.898614,3.08,463.35,448.01,6.39,-3.22
Shaanxi,27,202203,2022,3,26.82748,11646.3,2386.21,0.886528,2.91,285.05,278.48,17.18,4.42
Shaanxi,27,202204,2022,4,25.47185,14141.5,2584.86,0.881379,2.99,317.09,311.49,21.6,7.97
Shaanxi,27,202205,2022,5,25.20986,16415.3,2644.8,0.876219,2.77,457.61,449.82,25.32,11.95
Shaanxi,27,202206,2022,6,25.44274,18634.4,2698.1,0.872727,2.84,502.77,494.44,32.09,18.32
Shaanxi,27,202207,2022,7,27.38385,21333.7,2711.47,0.874281,2.11,532.98,530.16,30.84,20.02
Shaanxi,27,202208,2022,8,30.01439,24438.2,2768.52,0.877523,2.28,493.58,486.05,30.03,20.87
Shaanxi,27,202209,2022,9,25.13246,27024.2,2836.13,0.874051,2.74,436.22,423.97,24.15,13.97
Shaanxi,27,202210,2022,10,25.79114,29405.5,3037.62,0.870816,2.53,281.9,279.86,17.02,7.81
Shaanxi,27,202211,2022,11,28.1294,15273.45,3040.16,0.872051,2.64,224.47,219.49,12.24,3.58
Shaanxi,27,202212,2022,12,32.63843,1141.4,2966.85,0.87522,2.97,292.54,292.05,5.45,-4.77
Shaanxi,27,202301,2023,1,30.08645,1854.1,2596.04,0.896822,3.21,617.97,595.31,6.01,-4.34
Shaanxi,27,202302,2023,2,28.80393,2573.7,2521.19,0.897065,2.82,514.74,497.53,7.9,-0.68
Shaanxi,27,202303,2023,3,28.80031,3262.9,2519.37,0.889244,2.43,537.53,526.7,16.11,3.72
Shaanxi,27,202304,2023,4,26.25821,4088.6,2632.84,0.877791,2.94,614.71,603.09,18.97,7.8
Shaanxi,27,202305,2023,5,25.42146,4861.4,2690.38,0.870698,2.36,614.82,600.64,23.07,13.03
Shaanxi,27,202306,2023,6,26.6084,5659.7,2736.11,0.865182,0.25,577.09,562.56,28.41,17.27
Shaanxi,27,202307,2023,7,27.96007,6546.3,2711.93,0.864932,2.5,651.54,642.8,31.17,20.45
Shaanxi,27,202308,2023,8,29.36295,7359.2,2761.19,0.866381,2.85,689.79,671.45,29.8,19.89
Shaanxi,27,202309,2023,9,25.89077,8205.9,2826.04,0.864296,2.71,559.01,549.98,24.87,16.38
Shaanxi,27,202310,2023,10,26.10057,8675.1,3130.14,0.862089,3.03,577.8,561.33,19.89,9.65
Shaanxi,27,202311,2023,11,29.19002,4802,3134.35,0.86273,3.07,447.47,438.16,13.14,1.77
Shaanxi,27,202312,2023,12,33.8488,928.9,3059.63,0.867846,3.17,430.25,422.69,6.49,-3.63
Shaanxi,27,202401,2024,1,33.40862,1564,2685.99,0.914108,3.02,151.43,147.96,5.61,-3.84
Shaanxi,27,202402,2024,2,28.18471,1917.4,2608.04,0.914628,3.38,607.73,583.79,6.4,-1.66
Shaanxi,27,202403,2024,3,29.44258,2383,2604.97,0.898238,3.16,492.24,479.96,16.28,5.09
Shaanxi,27,202404,2024,4,25.0483,2892.3,2760.43,0.888126,3.07,566.84,555.24,22.92,11.71
Shaanxi,27,202405,2024,5,25.14312,3410.2,2819.82,0.877916,3.06,634.43,622.73,27.64,15.06
Shaanxi,27,202406,2024,6,27.83471,3940.2,2867.64,0.876192,3.05,561.17,547.03,30.89,19.14
Shaanxi,27,202407,2024,7,29.29101,4678.3,2874.87,0.873092,3.04,609.77,600.07,30.33,22.01
Shaanxi,27,202408,2024,8,29.75391,5249.4,2899.28,0.873368,3.03,673.19,655.92,31.87,21.9
Shaanxi,27,202409,2024,9,27.91561,5934.8,2912.22,0.872889,3.02,505.4,492.72,28.53,18.96
Shaanxi,27,202410,2024,10,26.68295,6801,2925.16,0.8714,3.01,635.34,624.14,19.79,10.46
Shaanxi,27,202411,2024,11,29.35098,3844.7,2938.11,0.870724,3,470.47,461.5,13.12,5.06
Shaanxi,27,202412,2024,12,35.41085,888.4,2951.05,0.873649,2.99,455.6,447.01,6.68,-2.81
Gansu,28,201901,2019,1,14.89804,1479,600.11,0.727988,1.62,191.07,202.36,0.99,-10.56
Gansu,28,201902,2019,2,11.85396,2060.6,582.35,0.707883,1.52,191.06,201.93,4.3,-6.97
Gansu,28,201903,2019,3,13.24839,2663.5,584.47,0.687778,1.42,173.75,182.4,12.15,-1.29
Gansu,28,201904,2019,4,10.22199,3335.8,656.84,0.639528,1.31,156.46,162.87,20.91,5.75
Gansu,28,201905,2019,5,8.09243,3942,674.87,0.587976,1.47,139.18,143.37,20.51,8.13
Gansu,28,201906,2019,6,8.32895,4615.2,688.33,0.559331,1.43,121.94,123.91,24.21,14.05
Gansu,28,201907,2019,7,8.88911,5273,753.49,0.535441,1.37,104.73,104.49,26.57,15.56
Gansu,28,201908,2019,8,9.77055,5897.6,768.78,0.520713,1.32,87.58,85.13,26.19,15.07
Gansu,28,201909,2019,9,9.25103,6592.2,789.6,0.512068,1.44,70.5,65.84,21.63,10.86
Gansu,28,201910,2019,10,9.98521,7407.2,828.92,0.503498,1.66,53.49,46.64,14.86,4.79
Gansu,28,201911,2019,11,12.62806,1213.6,822.39,0.512182,1.52,36.56,27.52,8.43,-2.01
Gansu,28,201912,2019,12,15.4626,1979.9,784.15,0.530752,1.51,19.73,8.52,3.82,-8.25
Gansu,28,202001,2020,1,12.22056,2741.4,653.36,0.694904,1.36,190.21,159.5,2.53,-8.26
Gansu,28,202002,2020,2,12.36145,3556.2,619.13,0.696748,1.41,224.83,197.36,7.78,-6.91
Gansu,28,202003,2020,3,12.32039,4447.4,624.14,0.6734,1.3,257.5,233.34,12.67,-1.56
Gansu,28,202004,2020,4,11.71695,5285.4,712.66,0.638204,1.52,285.23,264.4,16.81,3.02
Gansu,28,202005,2020,5,10.07625,6139.7,746.66,0.599537,1.16,305.02,287.52,22.49,8.42
Gansu,28,202006,2020,6,9.97548,7044.1,771.66,0.575801,0.07,313.87,299.64,25.2,13.29
Gansu,28,202007,2020,7,9.64671,7916.3,763.08,0.554231,1.17,308.79,297.74,26.02,15.88
Gansu,28,202008,2020,8,10.77949,8796.7,783.98,0.541491,1.35,286.78,278.77,25.01,14.51
Gansu,28,202009,2020,9,11.28528,9774.5,809.91,0.525958,1.4,244.85,239.71,19.78,10.09
Gansu,28,202010,2020,10,12.63575,5625.1,877.74,0.514757,1.54,179.99,177.51,12.41,3.3
Gansu,28,202011,2020,11,16.86119,1475.7,883.03,0.52736,1.58,110.5,109.54,7.74,-2.27
Gansu,28,202012,2020,12,19.19403,2446.7,862.79,0.54609,1.69,102.46,99.26,-0.22,-9.54
Gansu,28,202101,2021,1,14.60388,3363.9,746.02,0.687053,1.82,120.05,110.23,2.28,-11.34
Gansu,28,202102,2021,2,17.74475,4362.6,726.61,0.688637,1.82,129.34,132.3,9.5,-5.22
Gansu,28,202103,2021,3,11.23184,5502.3,733.46,0.675467,1.43,139.52,144.29,12.56,0.17
Gansu,28,202104,2021,4,13.40471,6348.4,818.98,0.642481,1.47,147.67,146.99,13.47,3.9
Gansu,28,202105,2021,5,12.34969,7229.4,844.01,0.616124,1.47,190.74,188.2,21.56,8.58
Gansu,28,202106,2021,6,11.85476,8170.2,860.71,0.604554,0.09,181.88,175.39,24.77,13.35
Gansu,28,202107,2021,7,11.65496,9065.4,852.96,0.594365,1.13,217.65,205.79,28.48,16.09
Gansu,28,202108,2021,8,11.73431,10009.3,870.11,0.587222,1.6,155.64,156.9,25.37,14.15
Gansu,28,202109,2021,9,11.6179,11104,895.97,0.580605,1.56,170.67,168.34,22.22,10.9
Gansu,28,202110,2021,10,11.09523,6394.35,978.41,0.569207,1.49,169.4,168.12,12.98,3.61
Gansu,28,202111,2021,11,10.70864,1684.7,982.95,0.572195,1.77,78.55,77.28,7.67,-5.72
Gansu,28,202112,2021,12,11.27963,2636.6,957.57,0.582106,1.73,145.5,139.12,3.78,-8.92
Gansu,28,202201,2022,1,13.51966,3551,848.34,0.697508,1.86,187.93,161.97,3.08,-9.1
Gansu,28,202202,2022,2,13.84446,4457.8,818.09,0.698804,2.16,192.88,208.78,2.22,-9.1
Gansu,28,202203,2022,3,15.24296,5389.5,814.23,0.66464,1.74,98.02,98.52,15.76,1.27
Gansu,28,202204,2022,4,14.11956,6244.9,887.24,0.641316,1.72,100.87,98.28,18.25,3.99
Gansu,28,202205,2022,5,13.53994,7192.3,907.82,0.61002,1.75,159.21,154.27,23.12,9.26
Gansu,28,202206,2022,6,13.77876,8183.6,926.11,0.586227,1.81,198.24,188.04,28.25,14.58
Gansu,28,202207,2022,7,14.54605,9157.1,937.28,0.576028,1.39,151.35,144.53,29.09,16.69
Gansu,28,202208,2022,8,15.10777,10200.7,957,0.575682,1.27,135.49,138.37,25.46,16.17
Gansu,28,202209,2022,9,13.06481,11360.5,980.37,0.56988,1.72,120.32,119.68,20.08,8.19
Gansu,28,202210,2022,10,13.68959,5825.4,1038.28,0.564436,1.59,55.31,55.07,13.66,2.76
Gansu,28,202211,2022,11,14.87922,290.3,1039.14,0.566564,1.79,50.4,46.67,9.46,-2.6
Gansu,28,202212,2022,12,16.94285,460.3,1014.09,0.575361,1.92,109.53,97.05,2.22,-10.8
Gansu,28,202301,2023,1,16.37642,656.5,906.17,0.66365,2.28,243.62,234.32,2.38,-11.73
Gansu,28,202302,2023,2,15.49593,837.3,880.04,0.664642,1.95,198.57,210.09,5.33,-6.21
Gansu,28,202303,2023,3,17.09541,1047.5,879.41,0.65136,1.81,195.86,192.39,13.17,-0.29
Gansu,28,202304,2023,4,13.99752,1217.2,940.68,0.615322,1.83,224.08,219.94,15.91,3.41
Gansu,28,202305,2023,5,12.59152,1410.4,961.23,0.581492,1.25,239.16,234.2,20.39,9.25
Gansu,28,202306,2023,6,13.13187,1609.1,977.57,0.557121,0.09,232.39,222.54,25.77,13.68
Gansu,28,202307,2023,7,14.07069,1822.3,988.87,0.546529,1.44,303.7,287.09,28.05,16.24
Gansu,28,202308,2023,8,14.46115,2006.7,1006.84,0.540406,1.76,309.45,304.39,26.96,15.87
Gansu,28,202309,2023,9,13.22834,2250.7,1030.48,0.53095,1.74,229.63,222.98,22.58,12.23
Gansu,28,202310,2023,10,13.81716,1270.8,1099.15,0.528019,1.83,222.97,222.7,16.29,5.22
Gansu,28,202311,2023,11,16.17897,290.9,1100.63,0.530302,2.06,165.96,162.82,10.93,-2.84
Gansu,28,202312,2023,12,17.87329,489.6,1074.39,0.53942,2.14,162.51,157.07,5.11,-8.2
Gansu,28,202401,2024,1,19.01361,672.1,960.62,0.669127,1.88,64.72,57.65,3.74,-9.46
Gansu,28,202402,2024,2,16.1419,862.8,932.74,0.670585,2.43,243.51,247.28,3.66,-6.72
Gansu,28,202403,2024,3,17.36193,1071.2,931.64,0.646206,1.82,192,191.39,12.51,-0.01
Gansu,28,202404,2024,4,12.79501,1304.6,1002.33,0.60491,1.87,215.5,210.47,18.7,6.37
Gansu,28,202405,2024,5,11.78465,1489.7,1023.89,0.55068,1.6,256.43,250.76,23.94,11
Gansu,28,202406,2024,6,12.86848,1685.1,1041.25,0.525645,1.33,244.27,232.86,25.83,13.91
Gansu,28,202407,2024,7,13.89218,1882.5,1058.72,0.514041,1.06,305.7,289.06,27.5,17.27
Gansu,28,202408,2024,8,14.00336,2103.2,1067.71,0.504269,0.79,322.07,316.33,28.3,16.53
Gansu,28,202409,2024,9,13.69085,2372.1,1072.47,0.498315,0.52,211.06,206.96,22.46,13.36
Gansu,28,202410,2024,10,14.46102,1322.85,1077.24,0.494803,0.25,254.45,250.76,16.26,5.57
Gansu,28,202411,2024,11,16.245,273.6,1082.01,0.505011,0.02,180.54,177.69,9.7,-0.54
Gansu,28,202412,2024,12,18.3889,475.1,1086.77,0.518092,0.29,171.72,165.38,1.3,-9.29
Qinghai,29,201901,2019,1,6.40373,654.6,192.52,0.349088,2.7,62.62,62.06,-1.42,-15.54
Qinghai,29,201902,2019,2,5.0434,853.8,186.82,0.330392,2.42,62.6,62.06,2.43,-11.45
Qinghai,29,201903,2019,3,5.4549,1081.9,187.5,0.311697,2.14,56.44,56.28,6.15,-7.54
Qinghai,29,201904,2019,4,4.05567,1285.4,222.59,0.244724,1.75,50.29,50.51,14.36,-0.56
Qinghai,29,201905,2019,5,3.58786,1506.1,228.7,0.202406,2.2,44.15,44.74,14.77,2.7
Qinghai,29,201906,2019,6,3.0604,1751.2,233.26,0.171516,2.06,38.02,38.99,18.21,7.59
Qinghai,29,201907,2019,7,2.8788,1961.2,239.91,0.146083,1.91,31.9,33.25,20.12,8.69
Qinghai,29,201908,2019,8,3.20672,2189.3,244.78,0.130771,2.02,25.8,27.52,20.81,9.06
Qinghai,29,201909,2019,9,3.55759,2447,251.41,0.124189,2.11,19.72,21.82,17.1,5.43
Qinghai,29,201910,2019,10,3.79592,356.8,282,0.119181,2.29,13.67,16.14,10.86,-0.41
Qinghai,29,201911,2019,11,5.00992,609.4,279.78,0.12395,2.41,7.65,10.49,5.78,-6.6
Qinghai,29,201912,2019,12,6.17613,859.2,266.76,0.134978,2.6,1.67,4.88,-0.76,-15.33
Qinghai,29,202001,2020,1,5.47644,1110.4,223.47,0.257641,2.43,59.94,62.35,-1.25,-14.79
Qinghai,29,202002,2020,2,5.49852,1374.6,211.76,0.259019,2.28,72.2,73.94,2.55,-13.66
Qinghai,29,202003,2020,3,6.09355,1647,213.47,0.255457,2.16,83.85,84.93,7.1,-7.71
Qinghai,29,202004,2020,4,5.46006,1936.5,241.62,0.224906,2.35,93.91,94.39,10.67,-2.59
Qinghai,29,202005,2020,5,4.09269,2245.6,253.16,0.188209,2.35,101.41,101.38,15.12,1.92
Qinghai,29,202006,2020,6,3.41937,2563.7,261.63,0.16038,0.06,105.38,104.95,18.11,7.04
Qinghai,29,202007,2020,7,3.47371,2879.3,256.97,0.137851,2.4,104.83,104.18,20.16,10.1
Qinghai,29,202008,2020,8,3.43785,3225,264.01,0.121641,2.06,98.79,98.1,20.37,8.87
Qinghai,29,202009,2020,9,5.50095,1912.45,272.74,0.111863,2,86.28,85.8,16.15,4.94
Qinghai,29,202010,2020,10,6.18442,599.9,292.61,0.106568,2.24,66.32,66.31,10.35,-1.23
Qinghai,29,202011,2020,11,7.69762,974.5,294.38,0.109167,2.53,44.48,45,5.15,-7.27
Qinghai,29,202012,2020,12,9.64383,1341.9,287.63,0.12076,2.78,41.12,41.45,-1.37,-13.58
Qinghai,29,202101,2021,1,5.7773,1739.9,251.44,0.28,2.85,46.02,46.31,-0.75,-15.57
Qinghai,29,202102,2021,2,8.51214,2172,244.9,0.28179,2.82,47.03,47.29,4.28,-10.47
Qinghai,29,202103,2021,3,4.3293,2563.5,247.21,0.268991,2.61,51.91,50.31,8.57,-4.99
Qinghai,29,202104,2021,4,5.80014,2940.5,268.62,0.226599,2.59,57.4,57.04,9.4,-1.38
Qinghai,29,202105,2021,5,5.88368,3316.9,276.83,0.198847,2.55,73.8,71.85,14.75,2.92
Qinghai,29,202106,2021,6,5.69599,3751.5,282.31,0.183202,0.03,77.21,74.6,19.07,8.09
Qinghai,29,202107,2021,7,5.51557,4147.8,276.81,0.165523,2.17,100.02,92.17,22.42,9.68
Qinghai,29,202108,2021,8,5.34823,4604.8,282.38,0.15747,2.48,72.95,73.84,19.89,8.4
Qinghai,29,202109,2021,9,5.40361,2615.9,290.77,0.15373,2.46,67.76,69.23,17.33,5.23
Qinghai,29,202110,2021,10,5.38299,627,319.66,0.155752,2.53,68.51,68.48,11.31,0.15
Qinghai,29,202111,2021,11,5.51192,1018,321.14,0.161143,3.06,35.73,36.78,3.89,-9.84
Qinghai,29,202112,2021,12,5.4083,1373.4,312.85,0.168978,2.95,60.05,60.51,0.59,-13.4
Qinghai,29,202201,2022,1,6.16376,1738.6,285.16,0.248205,3.06,67.73,69.64,-0.09,-14.7
Qinghai,29,202202,2022,2,6.62366,2105.6,274.99,0.249095,3.24,70.96,69.17,-0.98,-15.32
Qinghai,29,202203,2022,3,7.70234,2437.1,273.69,0.23026,2.85,57.76,56,11.2,-4.46
Qinghai,29,202204,2022,4,6.9708,2783.7,286.16,0.206683,2.89,31.38,31.38,12.77,-1.04
Qinghai,29,202205,2022,5,6.61858,3146.1,292.79,0.196394,2.9,27.44,26.78,17.23,4.07
Qinghai,29,202206,2022,6,6.5167,3500.6,298.69,0.181154,2.59,69.06,67.28,20.72,8.56
Qinghai,29,202207,2022,7,6.55357,3870.2,295.81,0.16849,2.5,109.13,103.02,23.21,9.98
Qinghai,29,202208,2022,8,6.39708,4315.1,302.04,0.163612,1.93,67.5,67.7,20.98,9.28
Qinghai,29,202209,2022,9,6.34045,2490.35,309.41,0.166305,2.48,11.9,13.82,13.78,2.18
Qinghai,29,202210,2022,10,7.19431,665.6,334.6,0.175782,2.4,11.22,12,10.4,-0.86
Qinghai,29,202211,2022,11,6.89814,1072.3,334.88,0.178658,2.73,10.04,10.6,6.67,-7.69
Qinghai,29,202212,2022,12,7.86304,1528.2,326.8,0.185551,2.85,41.52,41.86,0.95,-14.83
Qinghai,29,202301,2023,1,7.36296,1922.8,301.6,0.256592,3.43,73.35,77.26,-0.1,-16.51
Qinghai,29,202302,2023,2,6.95771,2321.1,292.91,0.25739,3.17,70.86,68.19,2.87,-12.18
Qinghai,29,202303,2023,3,7.97436,2701.5,292.7,0.238558,2.86,73.81,73.28,7.29,-6.41
Qinghai,29,202304,2023,4,7.31201,3098.1,305.35,0.226016,2.76,85.18,85.88,11.87,-1.82
Qinghai,29,202305,2023,5,6.5659,3540,312.02,0.209563,2.56,93.05,90.98,14.76,2.85
Qinghai,29,202306,2023,6,6.88421,3973.6,317.33,0.203666,0.07,95.64,92.27,18.82,7.06
Qinghai,29,202307,2023,7,6.03444,4437,308.74,0.196823,2.52,134.02,124.68,21.66,8.98
Qinghai,29,202308,2023,8,5.60711,4962.6,314.35,0.181756,2.66,130.84,127.54,20.78,9.09
Qinghai,29,202309,2023,9,6.42726,2827.9,321.74,0.180436,2.78,87.08,88.1,18.04,5.52
Qinghai,29,202310,2023,10,6.79295,693.2,351.96,0.182942,2.88,79.31,79.03,11.19,-0.94
Qinghai,29,202311,2023,11,5.95129,1129.7,352.44,0.180375,3.22,61.87,62.95,7.17,-8.21
Qinghai,29,202312,2023,12,6.97924,1509.3,344.03,0.183452,3.36,61.19,61.96,2.37,-13.09
Qinghai,29,202401,2024,1,7.21517,1918.7,310.12,0.225843,3.2,19.7,20.91,0.56,-15.35
Qinghai,29,202402,2024,2,6.10782,2310.9,301.12,0.22632,3.91,72.12,72.41,1.46,-12.15
Qinghai,29,202403,2024,3,6.83671,2756.4,300.76,0.212234,2.97,68.37,66.02,8,-5.45
Qinghai,29,202404,2024,4,6.18734,3152.4,306.66,0.192176,3.05,80.29,79.48,12.31,0.26
Qinghai,29,202405,2024,5,6.31016,3581.9,313.26,0.170745,2.97,95.65,93.14,16.38,4.59
Qinghai,29,202406,2024,6,5.70096,3977.5,318.57,0.14803,2.89,99.47,94.95,18.32,7.21
Qinghai,29,202407,2024,7,5.68594,4400.5,317.99,0.132059,2.81,128.33,119.21,21.11,10.42
Qinghai,29,202408,2024,8,5.48459,4918.2,320.69,0.118541,2.73,131.89,126.94,22.74,8.96
Qinghai,29,202409,2024,9,6.72393,2755.4,322.12,0.117277,2.65,78.99,79.13,18.4,7.87
Qinghai,29,202410,2024,10,6.87404,592.6,323.55,0.11843,2.57,85.65,86.41,12.04,-0.17
Qinghai,29,202411,2024,11,7.11217,972.2,324.98,0.121509,2.49,66.12,67.04,5.96,-6.9
Qinghai,29,202412,2024,12,7.9577,1348.7,326.41,0.128671,2.41,63.76,64.41,-0.61,-13.27
Ningxia,30,201901,2019,1,12.37834,1734.8,260,0.879011,2.62,93.68,92.68,-0.3,-11.73
Ningxia,30,201902,2019,2,9.74832,2136.1,252.31,0.866326,2.6,93.62,92.65,3.78,-7.69
Ningxia,30,201903,2019,3,10.41533,2530.9,253.23,0.853641,2.58,86.3,86.13,12.22,-1.68
Ningxia,30,201904,2019,4,9.26192,2961.1,303.46,0.835159,2.23,78.98,79.61,21.74,6.88
Ningxia,30,201905,2019,5,10.10415,3406.1,311.8,0.827243,2.57,71.67,73.09,22.05,9.35
Ningxia,30,201906,2019,6,9.79756,3825,318.01,0.828383,2.4,64.37,66.59,26.71,15.83
Ningxia,30,201907,2019,7,11.86199,4294.9,351.42,0.833051,2.4,57.09,60.1,28.55,17.79
Ningxia,30,201908,2019,8,11.81021,4814.6,358.55,0.836622,2.46,49.83,53.64,26.99,16.53
Ningxia,30,201909,2019,9,11.02488,809.9,368.26,0.835018,2.39,42.6,47.2,23.19,11.97
Ningxia,30,201910,2019,10,10.26208,1326.9,356.4,0.833769,2.69,35.4,40.78,16.65,4.85
Ningxia,30,201911,2019,11,10.99157,1831.2,353.59,0.834621,2.63,28.24,34.4,8.86,-1.89
Ningxia,30,201912,2019,12,13.27112,2348.1,337.15,0.834374,2.89,21.11,28.05,3.32,-7.85
Ningxia,30,202001,2020,1,10.45751,2888.4,276.69,0.872553,2.31,88.44,90.1,2.14,-8.68
Ningxia,30,202002,2020,2,11.194,3439.6,262.19,0.872982,2.71,102.95,103.09,7.52,-7
Ningxia,30,202003,2020,3,10.46959,4010.4,264.32,0.846477,2.37,116.68,115.35,13.48,-1
Ningxia,30,202004,2020,4,10.78355,4603.4,306.45,0.843777,2.69,128.41,125.77,18.51,3.69
Ningxia,30,202005,2020,5,10.65306,5216.4,321.07,0.83338,0.72,136.92,133.22,24.48,10.44
Ningxia,30,202006,2020,6,10.31973,5898.6,331.82,0.830771,0,140.99,136.6,28.05,15.51
Ningxia,30,202007,2020,7,11.80685,6616.9,331.08,0.830006,2.65,139.4,134.78,28.26,18.47
Ningxia,30,202008,2020,8,12.20315,3872.1,340.15,0.829215,2.35,130.92,126.64,26.36,16.42
Ningxia,30,202009,2020,9,12.38274,1127.3,351.4,0.828746,2.68,114.34,111.06,21.65,10.92
Ningxia,30,202010,2020,10,13.67574,1843.3,381.65,0.829695,2.85,88.44,86.93,14.43,3.27
Ningxia,30,202011,2020,11,15.28161,2575.8,383.95,0.832203,2.78,60.49,60.87,7.73,-2.53
Ningxia,30,202012,2020,12,17.54392,3328.9,375.15,0.837973,3.15,56.85,56.91,-1.38,-10.68
Ningxia,30,202101,2021,1,15.99735,4053.5,321.97,0.814282,3.13,62.32,61.96,1.73,-11.12
Ningxia,30,202102,2021,2,17.41735,4743.1,313.59,0.814015,3.15,69.64,69.5,9.43,-4.18
Ningxia,30,202103,2021,3,12.93281,5437.1,316.55,0.823419,2.55,71.59,71.05,12.89,0.54
Ningxia,30,202104,2021,4,15.84251,6104,349.93,0.81878,2.9,77.05,77.19,14.84,4.93
Ningxia,30,202105,2021,5,14.4693,6746.5,360.63,0.810452,2.94,100.59,100.01,23.59,9.4
Ningxia,30,202106,2021,6,14.42776,7460.5,367.76,0.808492,0,92.59,91.84,27.7,15.17
Ningxia,30,202107,2021,7,13.9894,8247.6,366.57,0.805284,0.45,105.45,105.1,31.53,18.45
Ningxia,30,202108,2021,8,14.31608,4704.55,373.94,0.801768,2.77,78.81,79.08,27.18,15.09
Ningxia,30,202109,2021,9,13.84517,1161.5,385.05,0.798721,2.95,86.58,87.28,24.31,11.83
Ningxia,30,202110,2021,10,12.02055,1864.9,431.96,0.794671,2.46,87.95,87.38,14.53,3.76
Ningxia,30,202111,2021,11,12.88948,2503,433.96,0.793109,3.37,49.4,50.28,7.86,-4.58
Ningxia,30,202112,2021,12,14.63422,3114,422.76,0.795507,3.1,86.13,86.32,3.09,-8.83
Ningxia,30,202201,2022,1,16.53115,3758.1,381.25,0.833109,3.28,95.51,95.81,1.81,-9.83
Ningxia,30,202202,2022,2,13.56023,4422.3,367.65,0.833532,3.81,104.96,102.99,2.2,-10.13
Ningxia,30,202203,2022,3,15.19915,5121.7,365.92,0.80748,3.22,85.54,83.99,15.42,1.13
Ningxia,30,202204,2022,4,15.00244,5830.4,398.7,0.797925,3.37,75.95,74.71,19.43,5.22
Ningxia,30,202205,2022,5,15.39713,6511.7,407.95,0.794993,3.29,104.87,104.44,24.68,10.29
Ningxia,30,202206,2022,6,14.44137,7225.3,416.17,0.785824,3.29,107.19,106.41,30.27,15.69
Ningxia,30,202207,2022,7,15.73969,7996,415.22,0.784842,2.65,137.11,135.6,29.8,17.68
Ningxia,30,202208,2022,8,16.77086,4685.05,423.96,0.78741,2.48,124.51,124.28,27.43,17.77
Ningxia,30,202209,2022,9,14.55209,1374.1,434.31,0.784724,3.13,87.75,88.24,24.55,10.59
Ningxia,30,202210,2022,10,15.08091,2228.4,469.92,0.786296,2.94,19,19.26,16.62,3.37
Ningxia,30,202211,2022,11,15.37384,3084.8,470.31,0.787879,3.21,48.02,48.84,9.72,-2.93
Ningxia,30,202212,2022,12,16.55742,3918.2,458.97,0.790516,3.64,64.42,64.7,0.93,-11.04
Ningxia,30,202301,2023,1,14.80542,4845,409.49,0.783714,3.76,119.48,122.22,1.48,-11.69
Ningxia,30,202302,2023,2,14.87733,5721.2,397.68,0.783637,3.38,106.56,104.58,5.21,-6.23
Ningxia,30,202303,2023,3,15.48784,6623.6,397.4,0.782716,3.35,111.62,111.62,13.64,-0.66
Ningxia,30,202304,2023,4,13.9389,7544.2,420.49,0.773651,3.7,121.27,121.07,15.27,3.89
Ningxia,30,202305,2023,5,13.34107,8567.6,429.68,0.762848,1.57,129.79,129.71,22.28,10.73
Ningxia,30,202306,2023,6,14.33674,9510.1,436.99,0.753744,0,124.52,126.1,28.31,15.02
Ningxia,30,202307,2023,7,16.44511,10724.5,429.45,0.75562,1.12,142.5,141.32,29.95,17.1
Ningxia,30,202308,2023,8,17.11537,6080.1,437.25,0.761022,3.45,141.89,142.21,28.39,16.42
Ningxia,30,202309,2023,9,15.16891,1435.7,447.52,0.760323,3.56,119.73,120.89,24.07,12.65
Ningxia,30,202310,2023,10,15.14953,2437.2,492.41,0.763892,3.44,123,121.32,18.51,5.67
Ningxia,30,202311,2023,11,16.46329,3354,493.08,0.763624,3.86,96.52,97.18,9.21,-3.5
Ningxia,30,202312,2023,12,17.34052,4296.9,481.32,0.765036,3.94,94.33,94.85,3.09,-8.31
Ningxia,30,202401,2024,1,16.57234,5286,421.65,0.799451,3.59,31.75,32.91,2.43,-9.63
Ningxia,30,202402,2024,2,13.93878,6299.2,409.42,0.799837,3.81,115.89,115.25,3.13,-6.61
Ningxia,30,202403,2024,3,15.2155,7246.2,408.93,0.779414,3.55,106.02,105.53,13.39,0.14
Ningxia,30,202404,2024,4,13.48282,8251.4,431.63,0.765838,3.53,121.96,123.04,20.65,7.43
Ningxia,30,202405,2024,5,14.121,9232.2,440.92,0.749837,3.49,135.16,134.77,26.1,12.31
Ningxia,30,202406,2024,6,14.67504,10301.1,448.39,0.748671,3.45,131.32,131.9,27.39,15.22
Ningxia,30,202407,2024,7,15.68177,11547.1,447.8,0.753072,3.41,140.03,141.15,30,18.1
Ningxia,30,202408,2024,8,15.23481,6417.8,451.6,0.753428,3.37,146.01,148.12,28.06,16.63
Ningxia,30,202409,2024,9,14.2896,1288.5,453.62,0.754415,3.33,107.99,109.33,21.45,12.98
Ningxia,30,202410,2024,10,13.67042,2230.9,455.64,0.74743,3.29,131.25,131.16,17.33,5.74
Ningxia,30,202411,2024,11,16.51893,3148.9,457.65,0.750506,3.25,104.93,105.55,9.7,-0.52
Ningxia,30,202412,2024,12,17.57385,4102.8,459.67,0.755467,3.21,98.72,99.72,0,-9.58
Xinjiang,31,201901,2019,1,28.91336,5163.9,752.57,0.884363,4.17,161.67,155.88,-3.89,-13.4
Xinjiang,31,201902,2019,2,22.87439,6098.2,730.29,0.86891,3.18,161.75,156.2,-0.43,-10.73
Xinjiang,31,201903,2019,3,25.37021,6962,732.95,0.853457,2.19,146.54,143.41,11.59,-0.62
Xinjiang,31,201904,2019,4,23.60459,8095.7,921.46,0.829306,1.88,131.34,130.63,21.94,9.39
Xinjiang,31,201905,2019,5,23.22169,9207.9,946.76,0.809729,1.97,116.16,117.87,23.89,11.3
Xinjiang,31,201906,2019,6,22.89057,10364,965.63,0.795286,1.93,101.01,105.13,28.5,17.09
Xinjiang,31,201907,2019,7,25.61945,11735.1,1070.2,0.790098,1.86,85.9,92.42,32.14,20
Xinjiang,31,201908,2019,8,24.78097,1778.5,1091.92,0.784376,1.91,70.83,79.75,30.96,18.93
Xinjiang,31,201909,2019,9,22.84659,2975.9,1121.49,0.780416,2.08,55.82,67.13,25.66,13.22
Xinjiang,31,201910,2019,10,27.46025,4136.1,1292.79,0.780703,2.29,40.87,54.56,17.54,5.55
Xinjiang,31,201911,2019,11,29.44323,5364.4,1282.6,0.783675,2.57,26,42.06,6.35,-3.71
Xinjiang,31,201912,2019,12,32.25959,6514.6,1222.96,0.791763,3.14,11.21,29.63,-0.7,-9.93
Xinjiang,31,202001,2020,1,25.97905,7766,1046.15,0.880761,2.93,169.34,187.67,-2.8,-12.02
Xinjiang,31,202002,2020,2,27.39681,9111.2,991.35,0.881761,2.43,200.01,214.2,3.25,-8.37
Xinjiang,31,202003,2020,3,24.62901,10586.7,999.38,0.852986,1.94,228.95,239.08,11.37,-0.64
Xinjiang,31,202004,2020,4,26.10267,12032.7,1114.15,0.843416,1.87,253.48,259.88,22.24,9.34
Xinjiang,31,202005,2020,5,23.74228,13507,1167.32,0.822058,1.28,270.95,274.15,26.34,14.3
Xinjiang,31,202006,2020,6,25.79679,15108.7,1206.39,0.809886,0.7,278.69,279.46,28.74,16.59
Xinjiang,31,202007,2020,7,27.02728,8761.45,1162.8,0.802215,0.11,274.05,273.37,29.88,18.89
Xinjiang,31,202008,2020,8,26.85866,2414.2,1194.64,0.797478,1.78,254.35,253.43,29.79,18.09
Xinjiang,31,202009,2020,9,29.0176,3978.7,1234.16,0.795844,1.98,216.94,217.22,22.95,11.84
Xinjiang,31,202010,2020,10,30.02505,5492.6,1343.14,0.794849,2.3,159.15,162.28,14.57,2.97
Xinjiang,31,202011,2020,11,34.05716,7124.2,1351.24,0.799328,2.41,97.8,104.33,5.26,-4.6
Xinjiang,31,202012,2020,12,37.8243,8810.7,1320.27,0.808037,3.09,93.35,99.65,-5.34,-13.36
Xinjiang,31,202101,2021,1,36.48133,10354.8,1150.11,0.869067,3.16,93.52,99.45,-5.13,-15.46
Xinjiang,31,202102,2021,2,39.25336,11812.5,1120.19,0.869753,2.96,97.68,97.56,2.98,-7.12
Xinjiang,31,202103,2021,3,29.31707,13287,1130.74,0.85733,2.31,141.74,133.98,8.78,-0.55
Xinjiang,31,202104,2021,4,32.50992,14631.7,1264.1,0.845283,2.09,158.61,156.72,17.29,5.91
Xinjiang,31,202105,2021,5,30.4605,15982.6,1302.73,0.828147,0.25,184.71,184.32,25.08,12.16
Xinjiang,31,202106,2021,6,29.47328,17754.1,1328.51,0.816343,0,193.66,193.32,28.18,15.67
Xinjiang,31,202107,2021,7,30.34328,10122.55,1313.41,0.807201,0.01,229.7,227.54,31.99,19.45
Xinjiang,31,202108,2021,8,30.65533,2491,1339.81,0.802162,0.91,142.17,145.31,29.15,16.59
Xinjiang,31,202109,2021,9,31.77817,4056.7,1379.63,0.798587,2.15,187.14,188.15,26.16,12.18
Xinjiang,31,202110,2021,10,29.15082,5535.2,1526.71,0.796039,2.26,160.31,163.57,14.38,2.16
Xinjiang,31,202111,2021,11,29.22582,6976.3,1533.79,0.795495,2.71,154.33,160.78,3.89,-6.2
Xinjiang,31,202112,2021,12,31.99605,8494.2,1494.19,0.801796,3.19,164.88,172.12,-1.45,-10.82
Xinjiang,31,202201,2022,1,34.7837,9940.7,1360.32,0.859452,3.3,176.78,187.74,-1.71,-12.11
Xinjiang,31,202202,2022,2,30.57405,11501.5,1311.81,0.8601,3.25,183.58,175.13,0.33,-10.3
Xinjiang,31,202203,2022,3,34.4177,13054.4,1305.63,0.842593,2.3,193.12,184,11.49,0.48
Xinjiang,31,202204,2022,4,31.14488,14614.4,1403.07,0.823533,2.45,152.07,150.13,21.87,7.18
Xinjiang,31,202205,2022,5,30.18827,16247.8,1435.6,0.797828,0.45,195.7,195.55,27.58,14.13
Xinjiang,31,202206,2022,6,32.04888,18084.5,1464.54,0.783024,2.56,240.51,240.49,31.19,17.6
Xinjiang,31,202207,2022,7,33.1298,19921.2,1502.6,0.7719,1.76,347.39,344.79,31.72,18.48
Xinjiang,31,202208,2022,8,32.98469,21757.9,1534.22,0.766097,1.99,120.96,125.89,26.81,14.91
Xinjiang,31,202209,2022,9,29.72289,23594.6,1571.68,0.764176,2.36,61.74,66.92,26.13,11.06
Xinjiang,31,202210,2022,10,29.95287,25431.3,1644.35,0.766527,2.26,36.76,39,15.74,2.41
Xinjiang,31,202211,2022,11,33.51112,27268,1645.73,0.772473,3.03,42.93,53.26,6.51,-4.69
Xinjiang,31,202212,2022,12,39.03241,29104.7,1606.05,0.781024,3.91,136.03,146.19,-4.52,-14.06
Xinjiang,31,202301,2023,1,35.72454,192571,1407.94,0.851549,4.33,204.51,218.14,-5.95,-16.34
Xinjiang,31,202302,2023,2,35.67785,194407.7,1367.35,0.852342,3,208.12,196.52,1.7,-8.29
Xinjiang,31,202303,2023,3,35.5631,196244.4,1366.36,0.834894,2.48,245.82,241.06,12.94,1.03
Xinjiang,31,202304,2023,4,31.67026,198081.1,1450.67,0.813965,2.29,273.41,273.72,17.34,5.42
Xinjiang,31,202305,2023,5,30.90087,199917.8,1482.37,0.79417,0.13,295.55,293.96,23.21,10.96
Xinjiang,31,202306,2023,6,31.32837,201754.5,1507.57,0.781095,0.07,310.3,309.66,30.86,17.46
Xinjiang,31,202307,2023,7,32.61731,203591.2,1551.96,0.769702,0.01,373.47,371.81,32.52,19.59
Xinjiang,31,202308,2023,8,33.54446,205427.9,1580.16,0.764481,2.33,361.7,361.7,30.41,17.62
Xinjiang,31,202309,2023,9,30.59409,207264.6,1617.27,0.761909,2.49,319.45,321.55,24.58,11.73
Xinjiang,31,202310,2023,10,33.66842,209101.3,1771.95,0.765455,2.63,296.6,299.92,19.63,6.06
Xinjiang,31,202311,2023,11,35.24026,210938,1774.33,0.765908,2.85,227.86,237.13,8.79,-1.33
Xinjiang,31,202312,2023,12,39.82849,212774.7,1732.03,0.771483,4.35,205.67,215.7,-1.04,-9.38
Xinjiang,31,202401,2024,1,39.73088,376241,1500.6,0.816333,3.72,59.55,67.04,-2.14,-11.44
Xinjiang,31,202402,2024,2,33.36792,378077.7,1457.06,0.816837,3.83,215.51,215.15,-1.27,-10.24
Xinjiang,31,202403,2024,3,35.9416,379914.4,1455.34,0.803045,2.83,240.26,230.23,10.83,0.18
Xinjiang,31,202404,2024,4,30.62172,381751.1,1564.02,0.780269,2.6,275.64,260.77,20.06,8.03
Xinjiang,31,202405,2024,5,29.99884,383587.8,1597.67,0.757648,0.43,336.33,335,27.52,15.16
Xinjiang,31,202406,2024,6,30.60327,385424.5,1624.77,0.741327,1.74,360.66,359.22,30.76,18.01
Xinjiang,31,202407,2024,7,32.50236,387261.2,1687.73,0.729722,3.91,405.94,406.05,31.27,19.52
Xinjiang,31,202408,2024,8,33.00212,389097.9,1702.06,0.724551,1.08,385.08,385,30.38,18.71
Xinjiang,31,202409,2024,9,30.2698,390934.6,1709.66,0.716073,3.25,314.07,315.97,23.23,11.13
Xinjiang,31,202410,2024,10,33.10994,392771.3,1717.26,0.715753,2.42,331.24,336.05,17.4,5.51
Xinjiang,31,202411,2024,11,35.4575,394608,1724.85,0.720113,2.59,259.32,270.06,7.7,-1.83
Xinjiang,31,202412,2024,12,40.11927,396444.7,1732.45,0.728958,4.76,231.86,243.49,-3.85,-11.9
